"CWNS_ID","FACILITY_ID","STATE_CODE","CURRENT_EFFLUENT_TREATMENT_LEVEL","CURRENT_DISINFECTION_FLAG","FUTURE_EFFLUENT_TREATMENT_LEVEL","FUTURE_DISINFECTION_FLAG"
"48000154001",1182835,"TX","Secondary","Y","Secondary","Y"
"48000237001",1182864,"TX","Secondary","Y","Secondary","Y"
"48001043001",1182900,"TX","Secondary","Y","Secondary","Y"
"48001119001",1182920,"TX","Secondary","Y","Secondary","Y"
"48003011002",1183175,"TX","Secondary","Y","Secondary","Y"
"48004216001",1183469,"TX","Secondary","Y","Secondary","Y"
"48000114001",1182805,"TX","Secondary","Y","Secondary","Y"
"48001125003",1182929,"TX","Secondary","Y","Secondary","Y"
"48001209001",1182989,"TX","Secondary","Y","Secondary","Y"
"48003115001",1183260,"TX","Secondary","Y","Secondary","Y"
"48003119001",1183263,"TX","Secondary","Y","Secondary","Y"
"48003299001",1183317,"TX","Secondary","Y","Secondary","Y"
"48005086001",1183636,"TX","Secondary","Y","Secondary","Y"
"48007023002",1183798,"TX","Secondary","Y","Secondary","Y"
"48007695001",1184221,"TX","Secondary","Y","Secondary","Y"
"48007851001",1184306,"TX","Secondary","Y","Secondary","Y"
"48007871001",1184319,"TX","Secondary","Y","Secondary","Y"
"48008075001",1184416,"TX","Secondary","Y","Secondary","Y"
"48009025001",1227951,"TX","Secondary","Y","Secondary","Y"
"48001124201",3119648,"TX","Secondary","Y","Secondary","Y"
"48001010001",1227758,"TX","Secondary","Y","Secondary","Y"
"48006022001",417949,"TX","Secondary","Y","Secondary","Y"
"48001244001",3150368,"TX","Secondary","Y","Secondary","Y"
"48007045001",3500841,"TX","Secondary","Y","Secondary","Y"
"48001009007",1182880,"TX","Secondary","Y","Secondary","Y"
"48001150001",1182953,"TX","Secondary","Y","Secondary","Y"
"48001224001",1183005,"TX","Secondary","Y","Secondary","Y"
"48001275001",1183038,"TX","Secondary","Y","Secondary","Y"
"48001276001",1183039,"TX","Secondary","Y","Secondary","Y"
"48003167001",1183282,"TX","Secondary","Y","Secondary","Y"
"48005032001",1183590,"TX","Secondary","Y","Secondary","Y"
"48006048001",1183711,"TX","Secondary","Y","Secondary","Y"
"48007072001",1183899,"TX","Secondary","Y","Secondary","Y"
"48007421001",1184068,"TX","Secondary","Y","Secondary","Y"
"48007528001",1184125,"TX","Secondary","Y","Secondary","Y"
"48007535002",1184130,"TX","Secondary","Y","Secondary","Y"
"48007731001",1184241,"TX","Secondary","Y","Secondary","Y"
"48007842001",1184299,"TX","Secondary","Y","Secondary","Y"
"48008033001",1184379,"TX","Secondary","Y","Secondary","Y"
"48008043001",1184390,"TX","Secondary","Y","Secondary","Y"
"48001210001",1182990,"TX","Secondary","Y","Secondary","Y"
"48001403001",1183075,"TX","Secondary","Y","Secondary","Y"
"48002021001",1183119,"TX","Secondary","Y","Secondary","Y"
"48003033001",1183196,"TX","Secondary","Y","",""
"48003047001",1183211,"TX","Secondary","Y","Secondary","Y"
"48003062001",1183220,"TX","Secondary","Y","Secondary","Y"
"48003074001",1183225,"TX","Secondary","Y","Secondary","Y"
"48003165001",1183281,"TX","Secondary","Y","Secondary","Y"
"48004079001",1183390,"TX","Secondary","Y","Secondary","Y"
"48005077001",1183626,"TX","Secondary","Y","Secondary","Y"
"48005119001",1183659,"TX","Secondary","Y","Secondary","Y"
"48007039012",1183827,"TX","Secondary","Y","Secondary","Y"
"48007170001",1183978,"TX","Secondary","Y","Secondary","Y"
"48007185001",1183987,"TX","Secondary","Y","Secondary","Y"
"48008186001",1184457,"TX","Secondary","Y","Secondary","Y"
"48009033001",1184485,"TX","Secondary","Y","Secondary","Y"
"48009504001",1184506,"TX","Secondary","Y","Secondary","Y"
"48001147001",1182950,"TX","Secondary","Y","Secondary","Y"
"48000131001",1227743,"TX","Secondary","Y","Secondary","Y"
"48000151001",1227746,"TX","Secondary","Y","Secondary","Y"
"48000239001",1227752,"TX","Secondary","Y","Secondary","Y"
"48004234001",1227859,"TX","Secondary","Y","Secondary","Y"
"48005126001",1227892,"TX","Secondary","Y","Secondary","Y"
"48007439001",1227921,"TX","Secondary","Y","Secondary","Y"
"48002014002",2835401,"TX","Secondary","Y","Secondary","Y"
"48001124002",2844665,"TX","Secondary","Y","Secondary","Y"
"48007690002",3149615,"TX","Secondary","Y","Secondary","Y"
"48008015011",3047428,"TX","Secondary","Y","Secondary","Y"
"48004002002",3084008,"TX","Secondary","Y","Secondary","Y"
"48000141001",1182826,"TX","Secondary","Y","Secondary","Y"
"48000186001",1182855,"TX","Secondary","Y","Secondary","Y"
"48001007001",1182876,"TX","Secondary","N","Secondary","N"
"48001220003",1183002,"TX","Secondary","Y","Secondary","Y"
"48002045001",1183132,"TX","Secondary","Y","Secondary","Y"
"48003099001",1183246,"TX","Secondary","Y","Secondary","Y"
"48005106001",1183652,"TX","Secondary","Y","Secondary","Y"
"48007004001",1183773,"TX","Secondary","Y","Secondary","Y"
"48007039084",1183851,"TX","Secondary","Y","Secondary","Y"
"48007425001",1184071,"TX","Secondary","Y","Secondary","Y"
"48008185001",1184456,"TX","Secondary","Y","Secondary","Y"
"48002039001",1227785,"TX","Secondary","Y","Secondary","Y"
"48005097001",1227886,"TX","Secondary","Y","Secondary","Y"
"48007560001",1227930,"TX","Secondary","Y","Secondary","Y"
"48002163002",2914250,"TX","Secondary","Y","Secondary","Y"
"48007924001",3149088,"TX","Secondary","Y","Secondary","Y"
"48007752002",3153388,"TX","Secondary","Y","Secondary","Y"
"48001065602",3345471,"TX","Secondary","Y","Secondary","Y"
"48002062001",1183143,"TX","Secondary","Y","Secondary","Y"
"48005041001",1183597,"TX","Secondary","Y","Secondary","Y"
"48005098001",1183647,"TX","Secondary","Y","Secondary","Y"
"48007020002",1183792,"TX","Secondary","Y","Secondary","Y"
"48007088001",1183911,"TX","Secondary","Y","Secondary","Y"
"48007211001",1184004,"TX","Secondary","Y","Secondary","Y"
"48007652001",1184196,"TX","Secondary","Y","Secondary","Y"
"48008203001",1184463,"TX","Secondary","Y","Secondary","Y"
"48000165001",1227748,"TX","Secondary","Y","Secondary","Y"
"48001170001",1227768,"TX","Secondary","Y","Secondary","Y"
"48001658001",3126189,"TX","Secondary","Y","Secondary","Y"
"48001721601",3376711,"TX","Secondary","Y","Secondary","Y"
"48004269002",1183493,"TX","Secondary","Y","Secondary","Y"
"48007719001",1184234,"TX","Secondary","Y","Secondary","Y"
"48008071001",1184412,"TX","Secondary","Y","Secondary","Y"
"48000134001",1182820,"TX","Secondary","Y","Secondary","Y"
"48000208001",1182859,"TX","Secondary","Y","Secondary","Y"
"48001005001",1182874,"TX","Secondary","Y","Secondary","Y"
"48002139001",1183162,"TX","Secondary","Y","Secondary","Y"
"48003069001",1183223,"TX","Secondary","Y","Advanced","Y"
"48003084001",1183235,"TX","Advanced","Y","Advanced","Y"
"48003108001",1183253,"TX","Secondary","Y","Secondary","Y"
"48003268001",1183305,"TX","Secondary","Y","Secondary","Y"
"48005060001",1183612,"TX","Secondary","Y","Secondary","Y"
"48007027005",1183806,"TX","Secondary","Y","Secondary","Y"
"48007784001",1184269,"TX","Secondary","Y","Secondary","Y"
"48007932001",1184343,"TX","Secondary","Y","Secondary","Y"
"48071124001",3139722,"TX","Secondary","Y","Secondary","Y"
"48071221001",3149308,"TX","Secondary","Y","Secondary","Y"
"48002008001",1183111,"TX","Secondary","N","Secondary","N"
"48003019001",1183183,"TX","Secondary","Y","Secondary","Y"
"48003227001",1183291,"TX","Secondary","Y","Secondary","Y"
"48005092001",1183642,"TX","Secondary","Y","Secondary","Y"
"48006020003",1183693,"TX","Secondary","Y","Secondary","Y"
"48007032001",1183813,"TX","Secondary","Y","Secondary","Y"
"48007186001",1183988,"TX","Secondary","Y","Secondary","Y"
"48002046001",1227788,"TX","Secondary","Y","Secondary","Y"
"48003007001",1227802,"TX","Secondary","Y","Secondary","Y"
"48008176001",1227948,"TX","Secondary","Y","Secondary","Y"
"48000124001",1182812,"TX","Secondary","Y","Secondary","Y"
"48000153001",1182834,"TX","Secondary","Y","Secondary","Y"
"48001222001",1183003,"TX","Secondary","Y","Secondary","Y"
"48001232001",1183011,"TX","Secondary","Y","Secondary","Y"
"48003104001",1183252,"TX","Secondary","Y","Secondary","Y"
"48006066001",1183723,"TX","Secondary","Y","Secondary","Y"
"48006138001",1183752,"TX","Secondary","Y","Secondary","Y"
"48007536001",1184131,"TX","Secondary","Y","Secondary","Y"
"48007640001",1184188,"TX","Secondary","Y","Secondary","Y"
"48007706001",1184227,"TX","Secondary","Y","Secondary","Y"
"48008054001",1184400,"TX","Secondary","Y","Secondary","Y"
"48008081001",1227946,"TX","Secondary","Y","Secondary","Y"
"48004354008",1183524,"TX","Secondary","Y","Secondary","Y"
"48005045001",1183601,"TX","Secondary","Y","Secondary","Y"
"48006047001",1183709,"TX","Secondary","Y","Secondary","Y"
"48007120001",1183936,"TX","Secondary","Y","Secondary","Y"
"48007428001",1184073,"TX","Secondary","Y","Secondary","Y"
"48007527001",1184124,"TX","Secondary","Y","Secondary","Y"
"48007775001",1184266,"TX","Secondary","Y","Secondary","Y"
"48002067001",1183146,"TX","Secondary","Y","Secondary","Y"
"48003120001",1183264,"TX","Secondary","Y","Secondary","Y"
"48007165001",1183973,"TX","Secondary","Y","Secondary","Y"
"48007508001",1184112,"TX","Secondary","Y","Secondary","Y"
"48007680001",1184210,"TX","Secondary","Y","Secondary","Y"
"48007852001",1184307,"TX","Secondary","Y","Secondary","Y"
"48001125001",1182927,"TX","Secondary","Y","Secondary","Y"
"48002005002",1227782,"TX","Secondary","Y","Secondary","Y"
"48004354009",1227866,"TX","Secondary","Y","Secondary","Y"
"48001029001",1227759,"TX","Secondary","Y","Secondary","Y"
"48005030001",1227875,"TX","Secondary","Y","Secondary","Y"
"48003278001",3187068,"TX","Secondary","Y","Secondary","Y"
"48000155001",1182836,"TX","Secondary","Y","Secondary","Y"
"48001009001",1182879,"TX","Secondary","Y","Secondary","Y"
"48001223001",1183004,"TX","Secondary","Y","Secondary","Y"
"48001249001",1183026,"TX","Secondary","Y","Secondary","Y"
"48002081001",1183152,"TX","Secondary","Y","Secondary","Y"
"48003033002",1183197,"TX","Secondary","Y","Secondary","Y"
"48004053001",1183371,"TX","Secondary","Y","Secondary","Y"
"48007021001",1183793,"TX","Secondary","Y","Secondary","Y"
"48007039003",1183822,"TX","Secondary","Y","Secondary","Y"
"48007040001",1183858,"TX","Secondary","Y","Secondary","Y"
"48007556001",1184140,"TX","Secondary","Y","Secondary","Y"
"48007654001",1184198,"TX","Secondary","Y","Secondary","Y"
"48007709001",1184229,"TX","Secondary","Y","Secondary","Y"
"48008015001",1184357,"TX","Secondary","Y","Secondary","Y"
"48008015004",1184360,"TX","Secondary","Y","Secondary","Y"
"48005157001",3513757,"TX","Secondary","Y","Secondary","Y"
"48001006002",412040,"TX","Secondary","Y","Secondary","Y"
"48004097001",2948382,"TX","Secondary","Y","Secondary","Y"
"48002030001",1183124,"TX","Secondary","Y","Secondary","Y"
"48003051001",1183212,"TX","Secondary","Y","Secondary","Y"
"48007090001",1183913,"TX","Secondary","Y","Secondary","Y"
"48007838001",1184297,"TX","Secondary","Y","Secondary","Y"
"48005090002",1227884,"TX","Secondary","Y","Secondary","Y"
"48007012004",1065898,"TX","Secondary","Y","Secondary","Y"
"48001203006",1182980,"TX","Secondary","Y","Secondary","Y"
"48001219002",1183000,"TX","Secondary","Y","Secondary","Y"
"48002017001",1183116,"TX","Secondary","Y","Secondary","Y"
"48005033001",1183591,"TX","Secondary","Y","Secondary","Y"
"48006001001",1183672,"TX","Secondary","Y","Secondary","Y"
"48007018001",1183789,"TX","Secondary","Y","Secondary","Y"
"48007039001",1183820,"TX","Secondary","Y","Secondary","Y"
"48007412001",1184065,"TX","Secondary","Y","Secondary","Y"
"48007699001",1184223,"TX","Secondary","Y","Secondary","Y"
"48007855001",1184310,"TX","Secondary","Y","Secondary","Y"
"48008090001",1184425,"TX","Secondary","Y","Secondary","Y"
"48007088002",1227914,"TX","Secondary","Y","Secondary","Y"
"48007460001",1184087,"TX","Secondary","Y","Secondary","Y"
"48007516001",1184117,"TX","Secondary","Y","Secondary","Y"
"48009045001",1184491,"TX","Secondary","Y","Secondary","Y"
"48002072001",1227796,"TX","Secondary","Y","Secondary","Y"
"48003072001",1227814,"TX","Secondary","Y","Secondary","Y"
"48007518001",1227925,"TX","Secondary","Y","Secondary","Y"
"48000004007",2827220,"TX","Secondary","Y","Secondary","Y"
"48001272001",1065466,"TX","Secondary","Y","Secondary","Y"
"48001018002",3119541,"TX","Secondary","Y","Secondary","Y"
"48002050001",1227790,"TX","Secondary","Y","Secondary","Y"
"48005013001",1227868,"TX","Secondary","Y","Secondary","Y"
"48071109001",3123868,"TX","Secondary","Y","Secondary","Y"
"48000018002",3526016,"TX","Secondary","Y","Secondary","Y"
"48000130001",1182816,"TX","Secondary","Y","Secondary","Y"
"48000130002",1182817,"TX","Secondary","Y","Secondary","Y"
"48001207001",1182987,"TX","Secondary","Y","Secondary","Y"
"48002049001",1183134,"TX","Secondary","Y","Secondary","Y"
"48003097001",1183244,"TX","Secondary","Y","Secondary","Y"
"48003122001",1183266,"TX","Secondary","Y","Secondary","Y"
"48004209001",1183463,"TX","Secondary","Y","Secondary","Y"
"48004362001",1183532,"TX","Secondary","Y","Secondary","Y"
"48005262001",1183668,"TX","Secondary","Y","Secondary","Y"
"48006047002",1183710,"TX","Secondary","Y","Secondary","Y"
"48001203004",1182978,"TX","Secondary","Y","Secondary","Y"
"48001206001",1182986,"TX","Secondary","Y","Secondary","Y"
"48004360001",1183531,"TX","Secondary","Y","Secondary","Y"
"48005008001",1183570,"TX","Secondary","Y","Secondary","Y"
"48005080001",1183629,"TX","Secondary","Y","Secondary","Y"
"48005100001",1183648,"TX","Secondary","Y","Secondary","Y"
"48007027002",1183805,"TX","Secondary","Y","Secondary","Y"
"48007046001",1183864,"TX","Secondary","Y","Secondary","Y"
"48007098001",1183920,"TX","Secondary","Y","Secondary","Y"
"48007506001",1184110,"TX","Secondary","Y","Secondary","Y"
"48007535001",1184129,"TX","Secondary","Y","Secondary","Y"
"48007702001",1184224,"TX","Secondary","Y","Secondary","Y"
"48008045001",1184392,"TX","Secondary","Y","Secondary","Y"
"48008062001",1184404,"TX","Secondary","Y","Secondary","Y"
"48007081001",1183905,"TX","Secondary","Y","Secondary","Y"
"48007694001",1184220,"TX","Secondary","Y","Secondary","Y"
"48008030001",1184376,"TX","Secondary","Y","Secondary","Y"
"48009002001",1184466,"TX","Secondary","N","Secondary","N"
"48009518001",1184519,"TX","Secondary","Y","Secondary","Y"
"48000171001",1227749,"TX","Secondary","Y","Secondary","Y"
"48001214001",1227772,"TX","Secondary","Y","Secondary","Y"
"48003009001",1227803,"TX","Secondary","Y","Secondary","Y"
"48002020001",3516976,"TX","Secondary","Y","Secondary","Y"
"48003260001",1183302,"TX","Secondary","Y","Secondary","Y"
"48005089001",1183639,"TX","Secondary","Y","Secondary","Y"
"48006070001",1183725,"TX","Secondary","Y","Secondary","Y"
"48007016001",1183787,"TX","Secondary","Y","Secondary","Y"
"48007039022",1183831,"TX","Secondary","Y","Secondary","Y"
"48007145001",1183958,"TX","Secondary","Y","Secondary","Y"
"48007171001",1183979,"TX","Secondary","Y","Secondary","Y"
"48007174001",1183981,"TX","Secondary","Y","Secondary","Y"
"48007803001",1184278,"TX","Secondary","Y","Secondary","Y"
"48007868001",1184318,"TX","Secondary","Y","Secondary","Y"
"48009039002",3534776,"TX","Secondary","Y","Secondary","Y"
"48003087001",1183237,"TX","Advanced","N","Advanced","N"
"48005067001",1183616,"TX","Secondary","Y","Secondary","Y"
"48007027001",1183804,"TX","Secondary","Y","Secondary","Y"
"48007039017",1183828,"TX","Secondary","Y","Secondary","Y"
"48007200001",1183994,"TX","Secondary","Y","Secondary","Y"
"48007696001",1184222,"TX","Secondary","Y","Secondary","Y"
"48007822001",1184287,"TX","Secondary","Y","Secondary","Y"
"48008015003",1184359,"TX","Secondary","Y","Secondary","Y"
"48008042001",1184389,"TX","Secondary","Y","Secondary","Y"
"48007651002",1184195,"TX","Secondary","Y","Secondary","Y"
"48007792001",1184273,"TX","Secondary","Y","Secondary","Y"
"48000017016",401860,"TX","Secondary","Y","Secondary","Y"
"48001123002",3542396,"TX","Secondary","Y","Secondary","Y"
"48003096001",1227821,"TX","Secondary","Y","Secondary","Y"
"48001166001",1182960,"TX","Secondary","Y","Secondary","Y"
"48005110001",1183656,"TX","Secondary","Y","Secondary","Y"
"48007001001",1183771,"TX","Secondary","Y","Secondary","Y"
"48007051001",1183872,"TX","Secondary","Y","Secondary","Y"
"48007079001",1183903,"TX","Secondary","Y","Secondary","Y"
"48006052001",1227898,"TX","Secondary","Y","Secondary","Y"
"48008060001",1227941,"TX","Secondary","Y","Secondary","Y"
"48004129001",1227848,"TX","Secondary","Y","Secondary","Y"
"48001220001",3008982,"TX","Secondary","Y","Secondary","Y"
"48071214001",3149060,"TX","Secondary","Y","Secondary","Y"
"48001211003",2913205,"TX","Secondary","Y","Secondary","Y"
"48001389001",3512856,"TX","Secondary","Y","Secondary","Y"
"48002014001",3509496,"TX","Secondary","Y","Secondary","Y"
"48002069001",1183148,"TX","Secondary","Y","Secondary","Y"
"48003013001",1183178,"TX","Secondary","Y","Secondary","Y"
"48001127001",1182930,"TX","Secondary","Y","Secondary","Y"
"48003029001",1183192,"TX","Secondary","Y","Secondary","Y"
"48003060001",1183218,"TX","Secondary","Y","Secondary","Y"
"48004111002",1183420,"TX","Secondary","Y","Secondary","Y"
"48005010001",1183572,"TX","Secondary","Y","Secondary","Y"
"48005036001",1183593,"TX","Secondary","Y","Secondary","Y"
"48006066002",1183724,"TX","Secondary","Y","Secondary","Y"
"48007021003",1183795,"TX","Secondary","Y","Secondary","Y"
"48003281001",2883182,"TX","Secondary","Y","Secondary","Y"
"48000177001",2914531,"TX","Secondary","Y","Secondary","Y"
"48001127002",2992062,"TX","Secondary","N","Secondary","N"
"48002074001",1227797,"TX","Secondary","Y","Secondary","Y"
"48003053001",1227807,"TX","Secondary","Y","Secondary","Y"
"48005105001",1227889,"TX","Secondary","Y","Secondary","Y"
"48007031001",2871458,"TX","Secondary","Y","Secondary","Y"
"48000132001",1182818,"TX","Secondary","Y","Secondary","Y"
"48000145001",1182828,"TX","Secondary","Y","Secondary","Y"
"48001162001",1182958,"TX","Secondary","Y","Secondary","Y"
"48001294001",1183043,"TX","Secondary","Y","Secondary","Y"
"48002060001",1183141,"TX","Secondary","Y","Secondary","Y"
"48003031001",1183194,"TX","Secondary","Y","Secondary","Y"
"48000005001",1182793,"TX","Secondary","Y","Secondary","Y"
"48001008001",1182878,"TX","Secondary","Y","Secondary","Y"
"48003066001",1183222,"TX","Secondary","Y","Secondary","Y"
"48003114001",1183259,"TX","Secondary","Y","Secondary","Y"
"48003044001",1183209,"TX","Secondary","Y","Secondary","Y"
"48004150001",1183457,"TX","Secondary","Y","Secondary","Y"
"48004354010",1183525,"TX","Secondary","Y","Secondary","Y"
"48005243001",1183665,"TX","Secondary","Y","Secondary","Y"
"48006043002",1183706,"TX","Advanced","Y","Advanced","Y"
"48007524001",1184121,"TX","Secondary","Y","Secondary","Y"
"48003033015",3514796,"TX","Secondary","Y","Secondary","Y"
"48001065601",3345214,"TX","Secondary","Y","Secondary","Y"
"48000117001",1182807,"TX","Secondary","Y","Secondary","Y"
"48001106001",1182911,"TX","Secondary","Y","Secondary","Y"
"48001108001",1182913,"TX","Secondary","Y","Secondary","Y"
"48004075001",1183386,"TX","Secondary","Y","Secondary","Y"
"48005010002",1183573,"TX","Secondary","Y","Secondary","Y"
"48007002001",1183772,"TX","Secondary","Y","Secondary","Y"
"48007033001",1183814,"TX","Secondary","Y","Secondary","Y"
"48007059003",1183882,"TX","Secondary","Y","Secondary","Y"
"48007305001",1184059,"TX","Secondary","Y","Secondary","Y"
"48007669001",1184203,"TX","Secondary","Y","Secondary","Y"
"48003058003",404015,"TX","Secondary","Y","Secondary","Y"
"48003045001",1227806,"TX","Secondary","Y","Secondary","Y"
"48004221001",1227857,"TX","Secondary","Y","Secondary","Y"
"48008064001",1227943,"TX","Secondary","Y","Secondary","Y"
"48004002001",1227831,"TX","Secondary","Y","Secondary","Y"
"48004211001",1227854,"TX","Secondary","Y","Secondary","Y"
"48006045001",1227897,"TX","Secondary","Y","Secondary","Y"
"48001110001",1227763,"TX","Secondary","Y","Secondary","Y"
"48001285001",1227777,"TX","Secondary","Y","Secondary","Y"
"48003110001",1227823,"TX","Secondary","Y","Secondary","Y"
"48003118001",1227826,"TX","Secondary","Y","Secondary","Y"
"48005094001",1227885,"TX","Secondary","Y","Secondary","Y"
"48007768001",1184261,"TX","Secondary","Y","Secondary","Y"
"48009005001",1184469,"TX","Secondary","Y","Secondary","Y"
"48009056001",1184493,"TX","Secondary","Y","Secondary","Y"
"48001020001",2886767,"TX","Secondary","Y","Secondary","Y"
"48001093001",2864440,"TX","Secondary","Y","Secondary","Y"
"48003080002",2884102,"TX","Secondary","Y","Secondary","Y"
"48071120001",3150332,"TX","Secondary","Y","Secondary","Y"
"48003055001",1227808,"TX","Secondary","Y","Secondary","Y"
"48004203001",1227851,"TX","Secondary","Y","Secondary","Y"
"48000139001",1182824,"TX","Secondary","Y","Secondary","Y"
"48001026001",1182894,"TX","Secondary","Y","Secondary","Y"
"48004031001",1183351,"TX","Secondary","Y","Secondary","Y"
"48004060001",1183376,"TX","Secondary","Y","Secondary","Y"
"48004223001",1183475,"TX","Secondary","Y","Secondary","Y"
"48005044001",1183600,"TX","Secondary","Y","Secondary","Y"
"48005050001",1183606,"TX","Secondary","Y","Secondary","Y"
"48005075001",1183624,"TX","Advanced","N","",""
"48006188001",1183768,"TX","Secondary","Y","Secondary","Y"
"48007022001",1183796,"TX","Secondary","Y","Secondary","Y"
"48007041001",1183861,"TX","Secondary","Y","Secondary","Y"
"48007089001",1183912,"TX","Secondary","Y","Secondary","Y"
"48007167001",1183975,"TX","Secondary","Y","Secondary","Y"
"48092036001",2961542,"TX","Secondary","Y","Secondary","Y"
"48001025001",1182893,"TX","Secondary","Y","Secondary","Y"
"48001203008",1182981,"TX","Secondary","Y","Secondary","Y"
"48001213001",1182993,"TX","Secondary","Y","Secondary","Y"
"48001246001",1183023,"TX","Secondary","Y","Secondary","Y"
"48004095001",1183403,"TX","Secondary","Y","Secondary","Y"
"48004105001",1183411,"TX","Secondary","Y","Secondary","Y"
"48005001001",1183562,"TX","Secondary","Y","Secondary","Y"
"48005049001",1183605,"TX","Secondary","Y","Secondary","Y"
"48005083001",1183633,"TX","Secondary","Y","Secondary","Y"
"48005087001",1183637,"TX","Secondary","Y","Secondary","Y"
"48007064002",1183888,"TX","Secondary","Y","Secondary","Y"
"48007091001",1183914,"TX","Secondary","Y","Secondary","Y"
"48007159001",1183968,"TX","Secondary","Y","Secondary","Y"
"48007415001",1184067,"TX","Secondary","Y","Secondary","Y"
"48007475001",1184092,"TX","Secondary","Y","Secondary","Y"
"48008039001",1184386,"TX","Secondary","Y","Secondary","Y"
"48008053001",1184399,"TX","Secondary","Y","Secondary","Y"
"48008068001",1184409,"TX","Secondary","Y","Secondary","Y"
"48008202001",1184462,"TX","Secondary","Y","Secondary","Y"
"48009035001",1184486,"TX","Secondary","Y","Secondary","Y"
"48004048004",3516419,"TX","Secondary","Y","Secondary","Y"
"48003078001",1227815,"TX","Secondary","Y","Secondary","Y"
"48004055001",1227838,"TX","Secondary","Y","Secondary","Y"
"48005021001",1227872,"TX","Secondary","Y","Secondary","Y"
"48005027001",1227874,"TX","Secondary","Y","Secondary","Y"
"48000005002",1182794,"TX","Secondary","Y","Secondary","Y"
"48000163001",1182844,"TX","Secondary","Y","Secondary","Y"
"48005059001",1227879,"TX","Secondary","Y","Secondary","Y"
"48007209001",1184002,"TX","Secondary","Y","Secondary","Y"
"48007752001",1184253,"TX","Secondary","Y","Secondary","Y"
"48007835001",1184295,"TX","Secondary","Y","Secondary","Y"
"48009004001",1184468,"TX","Secondary","Y","Secondary","Y"
"48004082001",2878349,"TX","Secondary","Y","Secondary","Y"
"48002089001",1067980,"TX","Secondary","Y","Secondary","Y"
"48001007004",1182877,"TX","Secondary","N","Advanced","Y"
"48001245001",1183022,"TX","Secondary","Y","Secondary","Y"
"48001252001",1183027,"TX","Secondary","Y","Secondary","Y"
"48002015001",1183114,"TX","Secondary","Y","Secondary","Y"
"48002055001",1183138,"TX","Secondary","Y","Secondary","Y"
"48003059001",1183217,"TX","Secondary","Y","Secondary","Y"
"48003080004",1183229,"TX","Secondary","Y","Secondary","Y"
"48006049002",421221,"TX","Secondary","Y","Secondary","Y"
"48007912001",3124028,"TX","Secondary","Y","Secondary","Y"
"48000115001",1227740,"TX","Secondary","Y","Secondary","Y"
"48002064001",1227794,"TX","Secondary","Y","Secondary","Y"
"48004225001",1227858,"TX","Secondary","Y","Secondary","Y"
"48005099001",1227887,"TX","Secondary","Y","Secondary","Y"
"48007055001",1227910,"TX","Secondary","Y","Secondary","Y"
"48001125002",1182928,"TX","Secondary","Y","Secondary","Y"
"48002076001",1183151,"TX","Secondary","Y","Secondary","Y"
"48003008002",1183172,"TX","Secondary","Y","Secondary","Y"
"48004212001",1183465,"TX","Secondary","Y","Secondary","Y"
"48004367001",1183537,"TX","Secondary","Y","Secondary","Y"
"48005005001",1183565,"TX","Secondary","Y","Secondary","Y"
"48000018004",3515178,"TX","Secondary","Y","Secondary","Y"
"48007046007",3537776,"TX","Secondary","Y","Secondary","Y"
"48001151004",411058,"TX","Secondary","Y","Secondary","Y"
"48001240001",1183019,"TX","Secondary","Y","Secondary","Y"
"48004007001",1183322,"TX","Secondary","Y","Secondary","Y"
"48004201001",1183458,"TX","Secondary","Y","Secondary","Y"
"48005070001",1183619,"TX","Secondary","Y","Secondary","Y"
"48007061001",1183884,"TX","Secondary","Y","Secondary","Y"
"48005102001",1183650,"TX","Secondary","Y","Secondary","Y"
"48007039021",1183830,"TX","Secondary","Y","Secondary","Y"
"48007199001",1183993,"TX","Secondary","Y","Secondary","Y"
"48007543001",1184135,"TX","Secondary","Y","Secondary","Y"
"48009077001",1184499,"TX","Secondary","Y","Secondary","Y"
"48000157001",1182838,"TX","Secondary","Y","Secondary","Y"
"48001241001",1183020,"TX","Secondary","Y","Secondary","Y"
"48001295001",1183044,"TX","Secondary","Y","Secondary","Y"
"48004018001",1183334,"TX","Secondary","Y","Secondary","Y"
"48005064001",1183614,"TX","Secondary","Y","Secondary","Y"
"48008067001",1184408,"TX","Secondary","Y","Secondary","Y"
"48007817001",1184285,"TX","Secondary","Y","Secondary","Y"
"48008065001",1184406,"TX","Secondary","Y","Secondary","Y"
"48003080003",422233,"TX","Secondary","Y","Secondary","Y"
"48008025002",1073498,"TX","Secondary","Y","Secondary","Y"
"48005229001",2807320,"TX","Secondary","Y","Secondary","Y"
"48001131003",1182937,"TX","Secondary","Y","Secondary","Y"
"48001203005",1182979,"TX","Secondary","Y","Secondary","Y"
"48001533001",1183098,"TX","Secondary","Y","Secondary","Y"
"48002019001",1183118,"TX","Secondary","N","Secondary","N"
"48003061001",1183219,"TX","Secondary","Y","Secondary","Y"
"48003125001",1183269,"TX","Secondary","Y","Secondary","Y"
"48004031002",1183352,"TX","Secondary","Y","Secondary","Y"
"48004099001",1183406,"TX","Secondary","Y","Secondary","Y"
"48004364001",1183535,"TX","Secondary","Y","Secondary","Y"
"48006011001",1183683,"TX","Secondary","Y","Secondary","Y"
"48007071001",1183898,"TX","Secondary","Y","Secondary","Y"
"48007158001",1183967,"TX","Secondary","Y","Secondary","Y"
"48005157002",3513717,"TX","Secondary","Y","Secondary","Y"
"48007651001",3149469,"TX","Secondary","Y","Secondary","Y"
"48001258001",1070612,"TX","Secondary","Y","Secondary","Y"
"48007438001",1184080,"TX","Secondary","Y","Secondary","Y"
"48008035001",1184382,"TX","Secondary","Y","Secondary","Y"
"48008038001",1184385,"TX","Secondary","Y","Secondary","Y"
"48008050001",1184396,"TX","Secondary","Y","",""
"48009029001",1184484,"TX","Secondary","Y","Secondary","Y"
"48001203009",1182982,"TX","Secondary","Y","Secondary","Y"
"48001311001",1183053,"TX","Secondary","Y","Secondary","Y"
"48002075001",1227798,"TX","Secondary","Y","Secondary","Y"
"48003067001",1227810,"TX","Secondary","Y","Secondary","Y"
"48003095001",1227820,"TX","Secondary","Y","Secondary","Y"
"48003207001",1227829,"TX","Secondary","Y","Secondary","Y"
"48006055001",1227900,"TX","Secondary","Y","Secondary","Y"
"48007818001",1227936,"TX","Secondary","Y","Secondary","Y"
"48000118001",1182808,"TX","Secondary","Y","Secondary","Y"
"48001024001",1182892,"TX","Secondary","Y","Secondary","Y"
"48001199001",1182976,"TX","Secondary","Y","Secondary","Y"
"48001211001",1182991,"TX","Secondary","Y","Secondary","Y"
"48001236001",1183015,"TX","Secondary","Y","Secondary","Y"
"48003040002",1183206,"TX","Secondary","Y","Secondary","Y"
"48003133001",1183272,"TX","Secondary","Y","Secondary","Y"
"48005072001",1183621,"TX","Secondary","Y","Advanced","Y"
"48007054001",1183875,"TX","Secondary","Y","Secondary","Y"
"48007295001",1184047,"TX","Secondary","Y","Secondary","Y"
"48007728001",1184240,"TX","Secondary","Y","Secondary","Y"
"48007751001",1184252,"TX","Secondary","Y","Secondary","Y"
"48001186001",2958243,"TX","Secondary","Y","Secondary","Y"
"48003024001",2971022,"TX","Secondary","Y","Secondary","Y"
"48007033006",2881937,"TX","Secondary","Y","Secondary","Y"
"48001246002",2886062,"TX","Secondary","Y","Secondary","Y"
"48006009001",1227896,"TX","Secondary","Y","Secondary","Y"
"48151251001",2882440,"TX","Secondary","Y","Secondary","Y"
"48001048001",3149313,"TX","Secondary","Y","Secondary","Y"
"48008073001",1184414,"TX","Secondary","Y","Secondary","Y"
"48009009001",1184472,"TX","Secondary","Y","Secondary","Y"
"48001202001",1227769,"TX","Secondary","Y","Secondary","Y"
"48007033008",2881992,"TX","Secondary","Y","Secondary","Y"
"48020780001",428136,"TX","Secondary","Y","Secondary","Y"
"48001125008",3515801,"TX","Secondary","Y","Secondary","Y"
"48004068001",1183383,"TX","Secondary","Y","Secondary","Y"
"48004222001",1183474,"TX","Secondary","Y","Secondary","Y"
"48006013001",1183685,"TX","Secondary","Y","Secondary","Y"
"48006037001",1183704,"TX","Secondary","Y","Secondary","Y"
"48007401001",1184062,"TX","Secondary","Y","Secondary","Y"
"48007873001",1184321,"TX","Secondary","Y","Secondary","Y"
"48001104003",1182908,"TX","Advanced","Y","Advanced","Y"
"48001230001",1183009,"TX","Secondary","Y","Secondary","Y"
"48004021001",1183337,"TX","Secondary","Y","Secondary","Y"
"48004106001",1183413,"TX","Secondary","Y","Secondary","Y"
"48004206001",1183461,"TX","Secondary","Y","Secondary","Y"
"48004354005",1183522,"TX","Secondary","Y","Secondary","Y"
"48005048001",1183604,"TX","Secondary","Y","Secondary","Y"
"48007025001",1183800,"TX","Secondary","Y","Secondary","Y"
"48007061004",1183886,"TX","Secondary","Y","Secondary","Y"
"48007164001",1183972,"TX","Secondary","Y","Secondary","Y"
"48007223001",1184014,"TX","Secondary","Y","Secondary","Y"
"48007525001",1184122,"TX","Secondary","Y","Secondary","Y"
"48007569001",1184147,"TX","Secondary","Y","Secondary","Y"
"48007581001",1184157,"TX","Secondary","Y","Secondary","Y"
"48007805001",1184279,"TX","Secondary","Y","Secondary","Y"
"48009507001",1184509,"TX","Secondary","Y","Secondary","Y"
"48001052001",1182902,"TX","Secondary","Y","Secondary","Y"
"48000017010",420616,"TX","Secondary","Y","Secondary","Y"
"48001310001",1183052,"TX","Secondary","Y","Secondary","Y"
"48002051001",1183135,"TX","Secondary","Y","Secondary","Y"
"48002063001",1183144,"TX","Secondary","Y","Secondary","Y"
"48004219001",1183472,"TX","Secondary","Y","Secondary","Y"
"48007140001",1183954,"TX","Secondary","Y","Secondary","Y"
"48005052001",1227877,"TX","Secondary","Y","Secondary","Y"
"48007552001",1227929,"TX","Secondary","Y","Secondary","Y"
"48003107001",3164109,"TX","Secondary","Y","Secondary","Y"
"48003269001",3202052,"TX","Secondary","Y","Secondary","Y"
"48000146001",1182829,"TX","Secondary","Y","Secondary","Y"
"48000150001",1182833,"TX","Secondary","Y","Secondary","Y"
"48001118001",1182919,"TX","Secondary","Y","Secondary","Y"
"48004006002",1183321,"TX","Secondary","Y","Secondary","Y"
"48004058001",1183375,"TX","Secondary","Y","Secondary","Y"
"48004093001",1183402,"TX","Secondary","Y","Secondary","Y"
"48005018002",1183580,"TX","Secondary","Y","Secondary","Y"
"48005025001",1183584,"TX","Secondary","Y","",""
"48005177001",1183663,"TX","Secondary","Y","Secondary","Y"
"48005265001",1183669,"TX","Secondary","Y","Secondary","Y"
"48007040003",1183860,"TX","Secondary","Y","Secondary","Y"
"48007087001",1183910,"TX","Secondary","Y","Secondary","Y"
"48008068002",1184410,"TX","Secondary","Y","Secondary","Y"
"48008216001",3531636,"TX","Secondary","Y","Secondary","Y"
"48004070001",1227842,"TX","Secondary","Y","Secondary","Y"
"48005066001",1227881,"TX","Secondary","Y","Secondary","Y"
"48007034001",1227909,"TX","Secondary","Y","Secondary","Y"
"48005022004",1227873,"TX","Secondary","Y","Secondary","Y"
"48000128002",492642,"TX","Secondary","Y","Secondary","Y"
"48005005002",3533816,"TX","Secondary","Y","Secondary","Y"
"48003117001",1227825,"TX","Secondary","Y","Secondary","Y"
"48005014001",1227869,"TX","Secondary","Y","Secondary","Y"
"48009076001",1227953,"TX","Secondary","Y","Secondary","Y"
"48003015001",1227804,"TX","Secondary","Y","Secondary","Y"
"48004220001",1227856,"TX","Secondary","Y","Secondary","Y"
"48007530001",1227926,"TX","Secondary","Y","Secondary","Y"
"48006200001",3526536,"TX","Secondary","Y","Secondary","Y"
"48001818001",3506860,"TX","Secondary","Y","Secondary","Y"
"48006015003",3541077,"TX","Secondary","Y","Secondary","Y"
"48001122002",3542378,"TX","Secondary","Y","Secondary","Y"
"48001014001",1182885,"TX","Secondary","Y","Secondary","Y"
"48001218002",1182998,"TX","Secondary","N","Secondary","N"
"48004124001",1183434,"TX","Secondary","Y","Secondary","Y"
"48005071001",1183620,"TX","Secondary","Y","Secondary","Y"
"48009010001",1184473,"TX","Secondary","Y","Secondary","Y"
"48000144001",1227745,"TX","Secondary","Y","Secondary","Y"
"48001009004",1227756,"TX","Secondary","Y","Secondary","Y"
"48004072001",1227843,"TX","Secondary","Y","Secondary","Y"
"48007064009",3538016,"TX","Secondary","Y","Secondary","Y"
"48000112001",1227739,"TX","Secondary","Y","Secondary","Y"
"48006057001",1227901,"TX","Secondary","Y","Secondary","Y"
"48007473001",1227923,"TX","Secondary","Y","Secondary","Y"
"48007544001",1227928,"TX","Secondary","Y","Secondary","Y"
"48003116004",416265,"TX","Secondary","Y","Secondary","Y"
"48005103001",1227888,"TX","Secondary","Y","Secondary","Y"
"48001102004",1227762,"TX","Secondary","Y","Secondary","Y"
"48003068001",1227811,"TX","Secondary","Y","Secondary","Y"
"48004288001",1227862,"TX","Secondary","Y","Secondary","Y"
"48005253001",1227894,"TX","Secondary","Y","Secondary","Y"
"48007179001",1227917,"TX","Secondary","Y","Secondary","Y"
"48001042001",3006662,"TX","Secondary","Y","Secondary","Y"
"48001102002",2819741,"TX","Secondary","Y","Secondary","Y"
"48000123001",1182811,"TX","Secondary","Y","Secondary","Y"
"48000138001",1182823,"TX","Secondary","Y","Secondary","Y"
"48000166001",1182847,"TX","Secondary","Y","Secondary","Y"
"48001215001",1182994,"TX","Secondary","Y","Secondary","Y"
"48002053001",1183136,"TX","Secondary","Y","Secondary","Y"
"48003023001",1183186,"TX","Secondary","Y","Secondary","Y"
"48003260002",1183303,"TX","Secondary","Y","Secondary","Y"
"48005015002",1183577,"TX","Advanced","Y","Advanced","Y"
"48005057001",1183610,"TX","Secondary","Y","Secondary","Y"
"48007011001",1183780,"TX","Secondary","Y","Secondary","Y"
"48008027001",1184370,"TX","Secondary","Y","Secondary","Y"
"48008077001",1184418,"TX","Secondary","Y","Secondary","Y"
"48000133001",1182819,"TX","Secondary","Y","Secondary","Y"
"48000241001",1182866,"TX","Secondary","Y","Secondary","Y"
"48001008002",1227754,"TX","Secondary","Y","Secondary","Y"
"48001151002",2865600,"TX","Secondary","Y","Secondary","Y"
"48007022002",2870720,"TX","Secondary","Y","Secondary","Y"
"48001288006",2882386,"TX","Secondary","Y","Secondary","Y"
"48000142001",1182827,"TX","Secondary","Y","Secondary","Y"
"48002070001",1183149,"TX","Secondary","Y","Secondary","Y"
"48003081002",1183232,"TX","Secondary","Y","Secondary","Y"
"48004354001",1183519,"TX","Secondary","Y","Secondary","Y"
"48005093001",1183644,"TX","Secondary","Y","Secondary","Y"
"48007064003",1183889,"TX","Secondary","Y","Secondary","Y"
"48007541001",1184133,"TX","Secondary","Y","Secondary","Y"
"48007925001",1184342,"TX","Secondary","Y","Secondary","Y"
"48008063001",1184405,"TX","Secondary","Y","Secondary","Y"
"48008061001",1227942,"TX","Secondary","Y","Secondary","Y"
"48004078004",1227845,"TX","Secondary","Y","Secondary","Y"
"48001132003",2809368,"TX","Secondary","Y","Secondary","Y"
"48005011001",2917043,"TX","Secondary","Y","Secondary","Y"
"48071103001",3124290,"TX","Secondary","Y","Secondary","Y"
"48022012001",3173948,"TX","Secondary","Y","Secondary","Y"
"48003035002",1183203,"TX","Secondary","Y","Secondary","Y"
"48003158001",1183279,"TX","Secondary","Y","Secondary","Y"
"48004320001",1183508,"TX","Secondary","Y","Secondary","Y"
"48005069001",1183618,"TX","Secondary","Y","Secondary","Y"
"48007014001",1183785,"TX","Secondary","Y","Secondary","Y"
"48001006001",1182875,"TX","Secondary","Y","Secondary","Y"
"48001131002",1182936,"TX","Secondary","Y","Secondary","Y"
"48002035001",1183126,"TX","Secondary","Y","Secondary","Y"
"48003239001",1183295,"TX","Secondary","Y","Secondary","Y"
"48004087001",1183396,"TX","Secondary","Y","Secondary","Y"
"48004359001",1183530,"TX","Secondary","Y","Secondary","Y"
"48005018001",1183579,"TX","Secondary","Y","Secondary","Y"
"48005047001",1183603,"TX","Secondary","Y","Secondary","Y"
"48007060002",1183883,"TX","Secondary","Y","Secondary","Y"
"48007075001",1183901,"TX","Secondary","Y","Secondary","Y"
"48007601001",1184169,"TX","Secondary","Y","Secondary","Y"
"48007880001",1184327,"TX","Secondary","Y","Secondary","Y"
"48001132002",2823642,"TX","Advanced","Y","Advanced","Y"
"48003030003",2967924,"TX","Secondary","Y","Secondary","Y"
"48001640001",3150353,"TX","Secondary","Y","Secondary","Y"
"48000105005",1182800,"TX","Secondary","Y","Secondary","Y"
"48000168001",1182849,"TX","Secondary","Y","Secondary","Y"
"48002005001",1183108,"TX","Secondary","Y","Secondary","Y"
"48003075001",1183226,"TX","Secondary","Y","Secondary","Y"
"48007795001",1184274,"TX","Secondary","Y","Secondary","Y"
"48007875001",1184323,"TX","Secondary","Y","Secondary","Y"
"48001266001",1183035,"TX","Secondary","Y","Secondary","Y"
"48004008001",1183325,"TX","Secondary","Y","Secondary","Y"
"48004082002",1183392,"TX","Secondary","Y","Secondary","Y"
"48004215001",1183467,"TX","Secondary","Y","Secondary","Y"
"48007096001",1183918,"TX","Secondary","Y","Secondary","Y"
"48007224001",1184015,"TX","Secondary","Y","Secondary","Y"
"48007429001",1184074,"TX","Secondary","Y","Secondary","Y"
"48007493001",1184101,"TX","Secondary","Y","Secondary","Y"
"48007666001",1184201,"TX","Secondary","Y","Secondary","Y"
"48007830001",1184291,"TX","Secondary","Y","Secondary","Y"
"48007848001",1184302,"TX","Secondary","Y","Secondary","Y"
"48007874001",1184322,"TX","Secondary","Y","Secondary","Y"
"48008076001",1184417,"TX","Secondary","Y","Secondary","Y"
"48007039047",1183839,"TX","Secondary","Y","Secondary","Y"
"48007141001",1183955,"TX","Secondary","Y","Secondary","Y"
"48007153001",1183962,"TX","Secondary","Y","Secondary","Y"
"48007222001",1184013,"TX","Secondary","Y","Secondary","Y"
"48007242001",1184033,"TX","Secondary","Y","Secondary","Y"
"48007766001",1184260,"TX","Secondary","Y","Secondary","Y"
"48007769001",1184262,"TX","Secondary","Y","Secondary","Y"
"48002004001",1183107,"TX","Secondary","Y","Secondary","Y"
"48002006001",1183109,"TX","Secondary","Y","Secondary","Y"
"48003016001",1183180,"TX","Secondary","Y","Secondary","Y"
"48003088002",1183238,"TX","Secondary","Y","Secondary","Y"
"48003113001",1183258,"TX","Secondary","Y","Secondary","Y"
"48004054001",1183372,"TX","Secondary","Y","Secondary","Y"
"48004090001",1183399,"TX","Secondary","Y","Secondary","Y"
"48004092001",1183401,"TX","Secondary","Y","Secondary","Y"
"48004372001",1183540,"TX","Secondary","Y","Secondary","Y"
"48005025002",1183585,"TX","Advanced","Y","Advanced","Y"
"48006046001",1183708,"TX","Secondary","Y","Secondary","Y"
"48006054001",1183713,"TX","Secondary","Y","Secondary","Y"
"48007031003",1183811,"TX","Secondary","Y","Secondary","Y"
"48007039005",1183823,"TX","Secondary","Y","Secondary","Y"
"48009517001",1184518,"TX","Secondary","Y","Secondary","Y"
"48007012009",3501162,"TX","Secondary","Y","Secondary","Y"
"48007021004",3513478,"TX","Secondary","Y","Secondary","Y"
"48004079002",3510216,"TX","Secondary","Y","Secondary","Y"
"48000167001",1182848,"TX","Secondary","Y","Secondary","Y"
"48001128001",1182931,"TX","Secondary","Y","Secondary","Y"
"48001149001",1182952,"TX","Secondary","N","",""
"48001205001",1182984,"TX","Secondary","Y","Secondary","Y"
"48001225001",1183006,"TX","Secondary","Y","Secondary","Y"
"48001239001",1183018,"TX","Secondary","Y","Secondary","Y"
"48001269001",1183037,"TX","Secondary","Y","Secondary","Y"
"48003011001",1183174,"TX","Secondary","Y","Secondary","Y"
"48005019001",1183581,"TX","Secondary","Y","Secondary","Y"
"48005158001",1183662,"TX","Secondary","Y","Secondary","Y"
"48006015001",1183686,"TX","Secondary","Y","Secondary","Y"
"48001125005",3515818,"TX","Secondary","Y","Secondary","Y"
"48000004001",1182787,"TX","Secondary","Y","Secondary","Y"
"48001138001",1182941,"TX","Secondary","Y","Secondary","Y"
"48001142001",1182945,"TX","Secondary","Y","Secondary","Y"
"48002028001",1183123,"TX","Secondary","Y","Secondary","Y"
"48003092001",1183241,"TX","Secondary","Y","Secondary","Y"
"48004088001",1183397,"TX","Secondary","Y","Secondary","Y"
"48004354006",1183523,"TX","Secondary","Y","Secondary","Y"
"48005040001",1183596,"TX","Secondary","Y","Secondary","Y"
"48006020002",1183692,"TX","Secondary","Y","Secondary","Y"
"48006026001",1183698,"TX","Secondary","Y","Secondary","Y"
"48007033003",1183815,"TX","Secondary","Y","Secondary","Y"
"48007166001",1183974,"TX","Secondary","Y","Secondary","Y"
"48007459001",1184086,"TX","Secondary","Y","Secondary","Y"
"48007749001",1184250,"TX","Secondary","Y","Secondary","Y"
"48008041001",1184388,"TX","Secondary","Y","Secondary","Y"
"48008138001",1184445,"TX","Secondary","Y","Secondary","Y"
"48000158001",1182839,"TX","Secondary","Y","Secondary","Y"
"48001001001",1182869,"TX","Secondary","Y","Secondary","Y"
"48001011001",1182882,"TX","Secondary","Y","Secondary","Y"
"48001139001",1182942,"TX","Secondary","Y","Secondary","Y"
"48002041001",1183130,"TX","Secondary","Y","Secondary","Y"
"48003026001",1183188,"TX","","","Secondary","Y"
"48003040001",1183205,"TX","Secondary","Y","Secondary","Y"
"48003235001",1183294,"TX","Secondary","Y","Secondary","Y"
"48003289002",1183315,"TX","Secondary","Y","Secondary","Y"
"48004358001",1183529,"TX","Secondary","Y","Secondary","Y"
"48005038001",1183595,"TX","Secondary","Y","Secondary","Y"
"48005046001",1183602,"TX","Secondary","Y","Secondary","Y"
"48005109001",1183655,"TX","Secondary","Y","Secondary","Y"
"48006024001",1183696,"TX","Secondary","Y","Secondary","Y"
"48007582001",1184158,"TX","Secondary","Y","Secondary","Y"
"48007865001",1184316,"TX","Secondary","Y","Secondary","Y"
"48008037001",1184383,"TX","Secondary","Y","Secondary","Y"
"48007053001",1183874,"TX","Advanced","N","Advanced","N"
"48007101001",1183923,"TX","Secondary","Y","Secondary","Y"
"48007424002",1184070,"TX","Secondary","Y","Secondary","Y"
"48009505001",1184507,"TX","Secondary","Y","Secondary","Y"
"48007024001",1183799,"TX","Secondary","Y","Secondary","Y"
"48007926001",3149068,"TX","Secondary","Y","Secondary","Y"
"48008023001",1227937,"TX","Secondary","Y","Secondary","Y"
"48008036001",1227938,"TX","Secondary","Y","Secondary","Y"
"48007039113",2882180,"TX","Secondary","Y","Secondary","Y"
"48091258001",3060728,"TX","Secondary","Y","Secondary","Y"
"48071281001",3149419,"TX","Secondary","Y","Secondary","Y"
"48121280001",3175148,"TX","Secondary","Y","Secondary","Y"
"48004280001",1183498,"TX","Secondary","Y","Secondary","Y"
"48071253001",3151008,"TX","Secondary","Y","Secondary","Y"
"48008045006",3505620,"TX","Secondary","Y","Secondary","Y"
"48000021001",3514376,"TX","Secondary","Y","Secondary","Y"
"48001743001",3505860,"TX","Secondary","Y","Secondary","Y"
"48000004008",3507562,"TX","Secondary","Y","Secondary","Y"
"48007521001",1184120,"TX","Advanced","N","Advanced","N"
"48007676001",1184207,"TX","Secondary","Y","Secondary","Y"
"48007807001",1184280,"TX","Secondary","Y","Secondary","Y"
"48000017017",401848,"TX","Secondary","Y","Secondary","Y"
"48004049002",410608,"TX","Secondary","Y","Secondary","Y"
"48002010001",1183113,"TX","Secondary","Y","Secondary","Y"
"48002058001",1183140,"TX","Secondary","Y","Secondary","Y"
"48002061001",1183142,"TX","Secondary","Y","Secondary","Y"
"48004354017",3534356,"TX","Secondary","Y","Secondary","Y"
"48002141001",1183164,"TX","Secondary","Y","Secondary","Y"
"48003011003",1183176,"TX","Secondary","Y","Secondary","Y"
"48003056001",1183215,"TX","Secondary","Y","Secondary","Y"
"48003083001",1183234,"TX","Secondary","Y","Secondary","Y"
"48005002001",1183563,"TX","Secondary","Y","Secondary","Y"
"48005056001",1183609,"TX","Secondary","Y","Secondary","Y"
"48001053002",2932385,"TX","Secondary","Y","Secondary","Y"
"48005080002",1183630,"TX","Secondary","Y","Secondary","Y"
"48006009004",1183679,"TX","Secondary","Y","Secondary","Y"
"48007006001",1183775,"TX","Secondary","Y","Secondary","Y"
"48007056001",1183876,"TX","Secondary","Y","Secondary","Y"
"48007136001",1183950,"TX","Secondary","Y","Secondary","Y"
"48007208001",1184001,"TX","Secondary","Y","Secondary","Y"
"48007773001",1184264,"TX","Secondary","Y","Secondary","Y"
"48007814001",1184283,"TX","Secondary","Y","Secondary","Y"
"48001221002",3536096,"TX","Secondary","Y","Secondary","Y"
"48000106001",1182802,"TX","Secondary","Y","Secondary","Y"
"48000128001",1182815,"TX","Secondary","Y","Secondary","Y"
"48000135001",1182821,"TX","Secondary","Y","Secondary","Y"
"48001228001",1183008,"TX","Secondary","Y","Secondary","Y"
"48002025001",1183121,"TX","Secondary","Y","Secondary","Y"
"48003006001",1183170,"TX","Secondary","Y","Secondary","Y"
"48003063001",1183221,"TX","Secondary","Y","Secondary","Y"
"48004370001",1183539,"TX","Secondary","Y","Secondary","Y"
"48005107001",1183653,"TX","Secondary","Y","Secondary","Y"
"48007008001",1183777,"TX","Secondary","Y","Secondary","Y"
"48008033002",1184380,"TX","Secondary","Y","Secondary","Y"
"48001212003",1227771,"TX","Secondary","Y","Secondary","Y"
"48006081001",1227902,"TX","Secondary","Y","Secondary","Y"
"48152036001",2870360,"TX","Secondary","Y","Secondary","Y"
"48000152001",1227747,"TX","Secondary","Y","Secondary","Y"
"48002052001",1227791,"TX","Secondary","Y","Secondary","Y"
"48004004001",1227832,"TX","Secondary","Y","Secondary","Y"
"48004214001",1227855,"TX","Secondary","Y","Secondary","Y"
"48008070001",1227944,"TX","Secondary","Y","Secondary","Y"
"48001016001",1182886,"TX","Secondary","Y","Secondary","Y"
"48003109001",1183254,"TX","Secondary","Y","",""
"48004354011",2807940,"TX","Secondary","Y","Secondary","Y"
"48001031001",2937324,"TX","Secondary","Y","Secondary","Y"
"48002036002",2961502,"TX","Secondary","Y","Secondary","Y"
"48001684001",3150468,"TX","Secondary","Y","Secondary","Y"
"48003223001",3174310,"TX","Secondary","Y","Secondary","Y"
"48008191001",1184458,"TX","Secondary","Y","Secondary","Y"
"48009501001",1184501,"TX","Secondary","Y","Secondary","Y"
"48005043001",1183599,"TX","Secondary","Y","Secondary","Y"
"48006056001",1183714,"TX","Secondary","Y","Secondary","Y"
"48007012001",1183781,"TX","Secondary","Y","Secondary","Y"
"48007488001",1184098,"TX","Secondary","Y","Secondary","Y"
"48000004003",1182789,"TX","Secondary","Y","Secondary","Y"
"48000170001",1182851,"TX","Secondary","Y","Secondary","Y"
"48001012001",1182883,"TX","Advanced","Y","Advanced","Y"
"48001104004",1182909,"TX","Secondary","Y","Secondary","Y"
"48001129001",1182932,"TX","Secondary","Y","Secondary","Y"
"48001153001",1182955,"TX","Secondary","N","Secondary","N"
"48003054001",1183214,"TX","Secondary","Y","Secondary","Y"
"48003124001",1183268,"TX","Secondary","Y","Secondary","Y"
"48005015001",1183576,"TX","Secondary","Y","Secondary","Y"
"48005028001",1183587,"TX","Secondary","Y","Secondary","Y"
"48001218003",1070746,"TX","Secondary","Y","Secondary","Y"
"48000004002",1182788,"TX","Secondary","Y","Secondary","Y"
"48001113001",1182917,"TX","Secondary","Y","Secondary","Y"
"48001145001",1182948,"TX","Secondary","Y","Secondary","Y"
"48004217001",1183470,"TX","Secondary","Y","Secondary","Y"
"48004273001",1183494,"TX","Secondary","Y","Secondary","Y"
"48005042001",1183598,"TX","Secondary","Y","Secondary","Y"
"48007020001",1183791,"TX","Secondary","Y","Secondary","Y"
"48007047001",1183865,"TX","Secondary","Y","Secondary","Y"
"48007099001",1183921,"TX","Secondary","Y","Secondary","Y"
"48007300001",1184049,"TX","Secondary","Y","Secondary","Y"
"48007620001",1184179,"TX","Secondary","Y","Secondary","Y"
"48007923001",1184341,"TX","Secondary","Y","Secondary","Y"
"48007933001",1184344,"TX","Secondary","Y","Secondary","Y"
"48000113001",1182804,"TX","Secondary","Y","Secondary","Y"
"48000184001",1182854,"TX","Secondary","Y","Secondary","Y"
"48001130001",1182933,"TX","Secondary","Y","Secondary","Y"
"48002036001",1183127,"TX","Secondary","Y","Secondary","Y"
"48003140002",1227828,"TX","Secondary","Y","Secondary","Y"
"48006183001",1227907,"TX","Secondary","Y","Secondary","Y"
"48005090001",1183640,"TX","Secondary","Y","Secondary","Y"
"48006019001",1183691,"TX","Secondary","Y","Secondary","Y"
"48006021001",1183694,"TX","Secondary","Y","Secondary","Y"
"48006062001",1183719,"TX","Secondary","Y","Secondary","Y"
"48007035001",1183816,"TX","Secondary","Y","Secondary","Y"
"48007039007",1183825,"TX","Secondary","Y","Secondary","Y"
"48001121001",1227767,"TX","Secondary","Y","Secondary","Y"
"48007060001",1227911,"TX","Secondary","Y","Secondary","Y"
"48007064004",3537876,"TX","Secondary","Y","Secondary","Y"
"48007594001",1184164,"TX","Secondary","Y","Secondary","Y"
"48007704001",1184226,"TX","Secondary","Y","Secondary","Y"
"48007853001",1184308,"TX","Secondary","Y","Secondary","Y"
"48008126001",1184441,"TX","Secondary","Y","Secondary","Y"
"48003035004",3517258,"TX","Secondary","Y","Secondary","Y"
"48005006007",3521755,"TX","Secondary","Y","Secondary","Y"
"48003073001",1183224,"TX","Secondary","N","Secondary","N"
"48006010001",1183682,"TX","Secondary","Y","Secondary","Y"
"48007015001",1183786,"TX","Secondary","Y","Secondary","Y"
"48007064041",1183893,"TX","Secondary","Y","Secondary","Y"
"48007802001",1184277,"TX","Secondary","Y","Secondary","Y"
"48008051001",1184397,"TX","Secondary","Y","Secondary","Y"
"48008078001",1184419,"TX","Secondary","Y","Secondary","Y"
"48009057001",1184495,"TX","Secondary","Y","Secondary","Y"
"48001730001",3532016,"TX","Secondary","Y","Secondary","Y"
"48007046006",3537816,"TX","Secondary","Y","Secondary","Y"
"48006005001",2927583,"TX","Secondary","Y","Secondary","Y"
"48000017006",2972223,"TX","Secondary","Y","Secondary","Y"
"48000172001",1227750,"TX","Secondary","Y","Secondary","Y"
"48004048001",1227837,"TX","Secondary","Y","Secondary","Y"
"48071269001",3153670,"TX","Secondary","Y","Secondary","Y"
"48001219001",1182999,"TX","Secondary","Y","Secondary","Y"
"48003046001",1183210,"TX","Secondary","Y","Secondary","Y"
"48003131001",1183270,"TX","Secondary","Y","Secondary","Y"
"48003280001",1183309,"TX","Secondary","Y","Secondary","Y"
"48000173001",1182852,"TX","Secondary","Y","Secondary","Y"
"48007225001",1184016,"TX","Secondary","Y","Secondary","Y"
"48007734001",1184244,"TX","Secondary","Y","Secondary","Y"
"48008056001",1184401,"TX","Secondary","Y","Secondary","Y"
"48008082001",1184421,"TX","Secondary","Y","Secondary","Y"
"48008133001",1184443,"TX","Secondary","Y","Secondary","Y"
"48009008001",1184471,"TX","Secondary","Y","Secondary","Y"
"48004049001",1183367,"TX","Secondary","Y","Secondary","Y"
"48004366001",1183536,"TX","Secondary","Y","Secondary","Y"
"48004375001",1183543,"TX","Secondary","Y","Secondary","Y"
"48005037001",1183594,"TX","Secondary","Y","Secondary","Y"
"48006036003",1183703,"TX","Secondary","Y","Secondary","Y"
"48006072001",1183727,"TX","Secondary","Y","Secondary","Y"
"48007039081",1183849,"TX","Secondary","Y","Secondary","Y"
"48007703001",1184225,"TX","Secondary","Y","Secondary","Y"
"48007753001",1184254,"TX","Secondary","Y","Secondary","Y"
"48008032001",1184378,"TX","Secondary","Y","Secondary","Y"
"48008168001",1184452,"TX","Secondary","Y","Secondary","Y"
"48008170001",1184453,"TX","Secondary","Y","Secondary","Y"
"48003146001",3507183,"TX","Secondary","Y","Secondary","Y"
"48001009008",1182881,"TX","Secondary","Y","Secondary","Y"
"48001019001",1182888,"TX","Secondary","Y","Secondary","Y"
"48001140001",1182943,"TX","Secondary","Y","Secondary","Y"
"48001234001",1183013,"TX","Secondary","Y","Secondary","Y"
"48002038001",1183129,"TX","Secondary","Y","Secondary","Y"
"48003025001",1183187,"TX","Secondary","Y","Secondary","Y"
"48003275001",1183307,"TX","Secondary","Y","Secondary","Y"
"48004067001",1183382,"TX","Secondary","Y","Secondary","Y"
"48004145001",1183454,"TX","Secondary","Y","Secondary","Y"
"48004363001",1183534,"TX","Secondary","Y","Secondary","Y"
"48005088001",1183638,"TX","Secondary","Y","Secondary","Y"
"48006060001",1183717,"TX","Secondary","Y","Secondary","Y"
"48007019001",1183790,"TX","Secondary","Y","Secondary","Y"
"48007038001",1183819,"TX","Secondary","Y","Secondary","Y"
"48007039066",1183842,"TX","Secondary","Y","Secondary","Y"
"48007184001",1183986,"TX","Secondary","Y","Secondary","Y"
"48007833001",1184293,"TX","Secondary","Y","Secondary","Y"
"48007866001",1184317,"TX","Secondary","Y","Secondary","Y"
"48009011001",1184474,"TX","Secondary","Y","Secondary","Y"
"48001719602",3375716,"TX","Secondary","Y","Secondary","Y"
"48003198001",3509397,"TX","Secondary","Y","Secondary","Y"
"48001404001",3510817,"TX","Secondary","Y","Secondary","Y"
"48002020002",3516978,"TX","Secondary","Y","Secondary","Y"
"48001115001",1227765,"TX","Secondary","Y","Secondary","Y"
"48004208001",1227853,"TX","Secondary","Y","Secondary","Y"
"48007173001",1227916,"TX","Secondary","Y","Secondary","Y"
"48004077001",1227844,"TX","Secondary","Y","Secondary","Y"
"48005112001",1227890,"TX","Secondary","Y","Secondary","Y"
"48000127100",1182814,"TX","Secondary","Y","Secondary","Y"
"48001119002",1182921,"TX","Secondary","Y","Secondary","Y"
"48001201001",1182977,"TX","Secondary","Y","Secondary","Y"
"48002054001",1183137,"TX","Secondary","Y","Secondary","Y"
"48002137001",1183161,"TX","Secondary","Y","Secondary","Y"
"48004205001",1183460,"TX","Secondary","Y","Secondary","Y"
"48004215002",1183468,"TX","Secondary","Y","Secondary","Y"
"48004362002",1183533,"TX","Secondary","Y","Secondary","Y"
"48005006006",1183568,"TX","Secondary","Y","Secondary","Y"
"48006009003",1183678,"TX","Secondary","Y","Secondary","Y"
"48007039065",1183841,"TX","Secondary","Y","Secondary","Y"
"48007168001",1183976,"TX","Secondary","Y","Secondary","Y"
"48007495001",1184102,"TX","Secondary","Y","Secondary","Y"
"48007573001",1184150,"TX","Secondary","Y","Secondary","Y"
"48008037002",1184384,"TX","Secondary","Y","Secondary","Y"
"48006020004",2887746,"TX","Secondary","Y","Secondary","Y"
"48002090001",1070635,"TX","Secondary","Y","Secondary","Y"
"48001002001",1182870,"TX","Secondary","Y","Secondary","Y"
"48003052001",1183213,"TX","Secondary","Y","Secondary","Y"
"48000017007",1067567,"TX","Secondary","Y","Secondary","Y"
"48000160001",1182841,"TX","Secondary","Y","Secondary","Y"
"48001151001",1182954,"TX","Secondary","Y","Secondary","Y"
"48001243001",1183021,"TX","Secondary","Y","Secondary","Y"
"48003102001",1183250,"TX","Secondary","Y","Secondary","Y"
"48003232001",1183293,"TX","Secondary","Y","Secondary","Y"
"48004065001",1183380,"TX","Advanced","Y","Advanced","Y"
"48004204001",1183459,"TX","Secondary","Y","Secondary","Y"
"48004313001",1183505,"TX","Secondary","Y","Secondary","Y"
"48005256001",1183667,"TX","Secondary","Y","Secondary","Y"
"48006154001",1183755,"TX","Secondary","Y","Secondary","Y"
"48006185001",1183767,"TX","Secondary","Y","Secondary","Y"
"48007151001",1183960,"TX","Secondary","Y","Secondary","Y"
"48007596001",1184165,"TX","Secondary","Y","Secondary","Y"
"48008028003",1184373,"TX","Secondary","Y","Secondary","Y"
"48007700001",1227933,"TX","Secondary","Y","Secondary","Y"
"48008028005",3509619,"TX","Secondary","Y","Secondary","Y"
"48001765001",3516456,"TX","Secondary","Y","Secondary","Y"
"48001368001",1183067,"TX","Secondary","Y","Secondary","Y"
"48001402001",1183074,"TX","Secondary","Y","Secondary","Y"
"48003116002",1183262,"TX","Secondary","Y","Secondary","Y"
"48003224001",1183290,"TX","Secondary","N","Secondary","N"
"48005082001",1183632,"TX","Secondary","Y","Secondary","Y"
"48007650001",1184194,"TX","Secondary","Y","Secondary","Y"
"48007820001",1184286,"TX","Secondary","Y","Secondary","Y"
"48003071001",1227813,"TX","Secondary","Y","Secondary","Y"
"48003089001",1227819,"TX","Secondary","Y","Secondary","Y"
"48005020002",1227871,"TX","Secondary","Y","Secondary","Y"
"48007198001",1227918,"TX","Secondary","Y","Secondary","Y"
"48000005004",1182795,"TX","Secondary","Y","Secondary","Y"
"48000107001",1182803,"TX","Secondary","Y","Secondary","Y"
"48001131001",1182935,"TX","Secondary","Y","Secondary","Y"
"48001267001",1183036,"TX","Secondary","Y","Secondary","Y"
"48002031001",1183125,"TX","Secondary","Y","Secondary","Y"
"48003076002",1183228,"TX","Secondary","Y","Secondary","Y"
"48003123001",1183267,"TX","Secondary","Y","Secondary","Y"
"48004104001",1183410,"TX","Secondary","Y","Secondary","Y"
"48004374001",1183541,"TX","Secondary","Y","Secondary","Y"
"48005137001",1183661,"TX","Secondary","Y","Secondary","Y"
"48006004002",1183675,"TX","Secondary","Y","Secondary","Y"
"48006074001",1183728,"TX","Secondary","N","Advanced","Y"
"48007021002",1183794,"TX","Secondary","Y","Secondary","Y"
"48007069001",1183897,"TX","Secondary","Y","Secondary","Y"
"48007479001",1184094,"TX","Secondary","Y","Secondary","Y"
"48007599001",1184167,"TX","Secondary","Y","Secondary","Y"
"48007883001",1184328,"TX","Secondary","Y","Secondary","Y"
"48008045002",1184393,"TX","Secondary","Y","Secondary","Y"
"48008066001",1184407,"TX","Secondary","Y","Secondary","Y"
"48008080001",1184420,"TX","Secondary","Y","Secondary","Y"
"48001032001",1227760,"TX","Secondary","Y","Secondary","Y"
"48004143001",1227849,"TX","Secondary","Y","Secondary","Y"
"48005003001",1227867,"TX","Secondary","Y","Secondary","Y"
"48001023001",1182891,"TX","Secondary","Y","Secondary","Y"
"48002056001",1183139,"TX","Secondary","Y","Secondary","Y"
"48004078005",1183389,"TX","Secondary","Y","Secondary","Y"
"48005096001",1183646,"TX","Secondary","Y","Secondary","Y"
"48007128001",1183942,"TX","Secondary","Y","Secondary","Y"
"48007175001",1183982,"TX","Secondary","Y","Secondary","Y"
"48007304001",1184058,"TX","Secondary","Y","Secondary","Y"
"48007444001",1184081,"TX","Secondary","Y","Secondary","Y"
"48007039107",2885642,"TX","Secondary","Y","Secondary","Y"
"48001125007",2886362,"TX","Secondary","Y","Secondary","Y"
"48008201001",1184461,"TX","Secondary","Y","Secondary","Y"
"48007826003",1184289,"TX","Secondary","Y","Secondary","Y"
"48007854001",1184309,"TX","Secondary","Y","Secondary","Y"
"48008028001",1184372,"TX","Secondary","Y","Secondary","Y"
"48008031001",1184377,"TX","Secondary","Y","Secondary","Y"
"48008044001",1184391,"TX","Secondary","Y","Secondary","Y"
"48004205002",421507,"TX","Secondary","Y","Secondary","Y"
"48000159001",1182840,"TX","Secondary","Y","Secondary","Y"
"48001235001",1183014,"TX","Secondary","Y","Secondary","Y"
"48006027001",1183699,"TX","Secondary","Y","Secondary","Y"
"48006049001",1183712,"TX","Secondary","N","Secondary","N"
"48006061001",1183718,"TX","Secondary","Y","Secondary","Y"
"48006063002",1183721,"TX","Secondary","Y","Secondary","Y"
"48006157001",1183756,"TX","Secondary","Y","Secondary","Y"
"48007030001",1183810,"TX","Secondary","Y","Secondary","Y"
"48007737001",1184246,"TX","Secondary","Y","Secondary","Y"
"48071225001",3149388,"TX","Secondary","Y","Secondary","Y"
"48003105001",1227822,"TX","Secondary","Y","Secondary","Y"
"48008055001",1227939,"TX","Secondary","Y","Secondary","Y"
"48008058001",1227940,"TX","Secondary","Y","Secondary","Y"
"48004354018",458487,"TX","Secondary","Y","Secondary","Y"
"48071018001",3119488,"TX","Secondary","Y","Secondary","Y"
"48003126001",1227827,"TX","Secondary","N","Secondary","N"
"48004094001",1227847,"TX","Advanced","Y","Advanced","Y"
"48006053001",1227899,"TX","Secondary","Y","Secondary","Y"
"48001148001",1182951,"TX","Secondary","Y","Secondary","Y"
"48004218001",1183471,"TX","Secondary","Y","Secondary","Y"
"48005006001",1183566,"TX","Secondary","Y","Secondary","Y"
"48005074001",1183623,"TX","Secondary","Y","Secondary","Y"
"48006012001",1183684,"TX","Secondary","Y","Secondary","Y"
"48007095001",1183917,"TX","Secondary","Y","Secondary","Y"
"48007722001",1184236,"TX","Secondary","Y","Secondary","Y"
"48008174001",1184454,"TX","Secondary","Y","Secondary","Y"
"48009043001",1184489,"TX","Secondary","Y","Secondary","Y"
"48009070001",1184497,"TX","Secondary","Y","Secondary","Y"
"48001500601",3346110,"TX","Secondary","Y","Secondary","Y"
"48002002001",1183106,"TX","Secondary","Y","Secondary","Y"
"48004219002",1183473,"TX","Secondary","Y","Secondary","Y"
"48005062001",1183613,"TX","Secondary","Y","Secondary","Y"
"48005101001",1183649,"TX","Secondary","Y","Secondary","Y"
"48007039076",1183846,"TX","Secondary","Y","Secondary","Y"
"48007052001",1183873,"TX","Secondary","Y","Secondary","Y"
"48007105001",1183926,"TX","Secondary","Y","Secondary","Y"
"48007707001",1184228,"TX","Secondary","Y","Secondary","Y"
"48008029001",1184375,"TX","Secondary","Y","Secondary","Y"
"48009516001",1184517,"TX","Secondary","Y","Secondary","Y"
"48004354019",3534336,"TX","Secondary","Y","Secondary","Y"
"48001078001",3513796,"TX","Secondary","Y","Secondary","Y"
"48001056001",3513956,"TX","Secondary","Y","Secondary","Y"
"48002018002",411191,"TX","Secondary","Y","Secondary","Y"
"48000000108",3609159,"TX","Secondary","Y","Secondary","Y"
"48003001001",1183166,"TX","Secondary","N","Secondary","Y"
"48001111001",1182915,"TX","Secondary","Y","Secondary","Y"
"48007465001",1184088,"TX","Secondary","Y","Secondary","Y"
"48004213001",1183466,"TX","Secondary","Y","Secondary","Y"
"48005053001",1227878,"TX","Advanced","Y","Advanced","Y"
"48001114001",1227764,"TX","Advanced","Y","Advanced","Y"
"48003290001",1227830,"TX","Secondary","Y","Secondary","Y"
"48000000113",3609250,"TX","","","Secondary","Y"
"48004207001",1227852,"TX","Secondary","Y","Secondary","Y"
"48004323001",1183510,"TX","Secondary","Y","Secondary","Y"
"48004052001",1183370,"TX","Advanced","Y","Advanced","Y"
"48000000118",3609575,"TX","","","Secondary","N"
"48000000106",3608999,"TX","","","Secondary","Y"
"48002138001",1227800,"TX","Advanced","N","Advanced","N"
"48008069001",1184411,"TX","Advanced","Y","Advanced","Y"
"48000000109",3609163,"TX","Secondary","N","Secondary","N"
"48001117001",1182918,"TX","Secondary","Y","Secondary","Y"
"48000000115",3609565,"TX","","","Secondary","Y"
"48007423001",1227920,"TX","Secondary","Y","Secondary","Y"
"48000000119",3609588,"TX","","","Secondary","N"
"48009039001",1184488,"TX","Secondary","Y","Advanced","Y"
"48000000117",3609574,"TX","Secondary","Y","Secondary","Y"
"48005081001",1183631,"TX","Secondary","Y","Secondary","Y"
"48003070001",1227812,"TX","Secondary","Y","Secondary","Y"
"48003080001",1227816,"TX","Secondary","Y","Secondary","Y"
"48009016001",1184478,"TX","Secondary","Y","Secondary","Y"
"48001018003",3538816,"TX","Secondary","Y","Secondary","Y"
"48007039067",2883822,"TX","Secondary","Y","Secondary","Y"
"48007062001",1227912,"TX","Secondary","Y","Secondary","Y"
"48007012005",1065730,"TX","Secondary","Y","Secondary","Y"
"48000000112",3609242,"TX","Secondary","Y","Secondary","Y"
"48000000103",3608783,"TX","Advanced","Y","Advanced","Y"
"48000000104",3608872,"TX","Secondary","Y","Secondary","Y"
"48004261001",1227861,"TX","Secondary","Y","Secondary","Y"
"48000000116",3609567,"TX","Secondary","Y","Secondary","Y"
"48009051001",1184492,"TX","Secondary","Y","Secondary","Y"
"48004096001",1183404,"TX","Secondary","Y","Secondary","Y"
"48000000120",3609590,"TX","Secondary","Y","Secondary","Y"
"48001112001",1182916,"TX","Secondary","Y","Secondary","Y"
"48005009001",1183571,"TX","Secondary","Y","",""
"48000000171",3610608,"TX","","","Secondary","Y"
"48000000133",3610460,"TX","","","Secondary","N"
"48000000167",3610568,"TX","Secondary","Y","Secondary","Y"
"48006029001",1183700,"TX","Secondary","Y","Secondary","Y"
"48003085001",1227818,"TX","Secondary","Y","Secondary","Y"
"48000240001",1227753,"TX","Secondary","Y","Secondary","Y"
"48000000169",3610570,"TX","Secondary","Y","Secondary","Y"
"48001217001",1227773,"TX","Secondary","Y","Secondary","Y"
"48007033009",413590,"TX","Secondary","Y","Secondary","Y"
"48001151006",3516498,"TX","Secondary","Y","Secondary","Y"
"48000000170",3610571,"TX","Secondary","Y","Secondary","Y"
"48000000165",3610547,"TX","","","Secondary","Y"
"48000000172",3610632,"TX","","","Secondary","Y"
"48000000130",3610396,"TX","Secondary","Y","Secondary","Y"
"48004089001",1183398,"TX","Secondary","Y","Secondary","Y"
"48000000121",3609620,"TX","Secondary","Y","Secondary","Y"
"48000000111",3609229,"TX","Secondary","Y","Secondary","Y"
"48004142001",1183452,"TX","Secondary","Y","Secondary","Y"
"48000005007",1227738,"TX","Secondary","Y","Secondary","Y"
"48009075001",1184498,"TX","Secondary","Y","Secondary","Y"
"48001238001",1183017,"TX","Secondary","Y","Secondary","Y"
"48000000123",3609624,"TX","","","Secondary","Y"
"48001120001",1182922,"TX","Secondary","Y","Secondary","Y"
"48005078001",1183627,"TX","Secondary","Y","Secondary","Y"
"48002001001",1183105,"TX","Secondary","Y","Secondary","Y"
"48001027001",1182895,"TX","Secondary","Y","Secondary","Y"
"48004057001",1183374,"TX","Secondary","Y","Secondary","Y"
"48009024001",1184483,"TX","Secondary","Y","Secondary","Y"
"48004026001",1183343,"TX","Secondary","Y","Secondary","Y"
"48004026002",1183344,"TX","Secondary","Y","Secondary","Y"
"48001046001",1182901,"TX","Secondary","Y","",""
"48000000122",3609622,"TX","","","Secondary","Y"
"48001166002",1182961,"TX","Secondary","Y","Secondary","Y"
"48003098001",1183245,"TX","Secondary","Y","Secondary","Y"
"48001044001",3268716,"TX","Secondary","Y","Secondary","Y"
"48001124001",1182926,"TX","Secondary","Y","Secondary","Y"
"48007028001",1183808,"TX","Secondary","Y","Secondary","Y"
"48000000124",3609625,"TX","Secondary","Y","Secondary","Y"
"48007815001",1184284,"TX","Secondary","Y","Secondary","Y"
"48071241001",3150676,"TX","","","Secondary","Y"
"48004076001",1183387,"TX","Secondary","Y","Secondary","Y"
"48001131004",3540036,"TX","Secondary","N","Secondary","N"
"48000000163",3610517,"TX","","","Secondary","Y"
"48007080001",1183904,"TX","Secondary","Y","Secondary","Y"
"48007632001",1184184,"TX","Secondary","Y","Secondary","Y"
"48007039102",2883840,"TX","Secondary","Y","Secondary","Y"
"48007039024",1183833,"TX","Secondary","Y","Secondary","Y"
"48007039108",2884264,"TX","Secondary","Y","Secondary","Y"
"48000000407",3612156,"TX","Secondary","Y","Secondary","Y"
"48000000408",3612157,"TX","Secondary","Y","Secondary","Y"
"48007039094",2885519,"TX","Secondary","Y","Secondary","Y"
"48007039002",1183821,"TX","Secondary","Y","Secondary","Y"
"48007039025",1183834,"TX","Secondary","Y","Secondary","Y"
"48007039043",1183838,"TX","Secondary","Y","Secondary","Y"
"48001204001",1182983,"TX","Secondary","Y","Secondary","Y"
"48000000403",3611315,"TX","Secondary","Y","Secondary","Y"
"48004083001",1183393,"TX","Secondary","Y","Advanced","Y"
"48000120001",1227741,"TX","Secondary","Y","Secondary","Y"
"48007039090",1183855,"TX","Secondary","Y","Secondary","Y"
"48007039026",1183835,"TX","Secondary","Y","Secondary","Y"
"48007039082",1183850,"TX","Secondary","Y","Secondary","Y"
"48002016001",1183115,"TX","Secondary","N","Secondary","N"
"48002040001",1227786,"TX","Secondary","N","Secondary","N"
"48000000406",3612155,"TX","Secondary","Y","Secondary","Y"
"48007039091",1183856,"TX","Secondary","Y","Secondary","Y"
"48007039035",1183836,"TX","Secondary","Y","Secondary","Y"
"48007039018",1183829,"TX","Secondary","Y","Secondary","Y"
"48007039101",3272948,"TX","Secondary","Y","Secondary","Y"
"48000000127",3610296,"TX","Secondary","Y","Secondary","Y"
"48001028001",1182896,"TX","Secondary","Y","Secondary","Y"
"48004226001",1183477,"TX","Secondary","Y","Secondary","Y"
"48000000132",3610453,"TX","Secondary","N","Secondary","N"
"48007646001",1184193,"TX","Secondary","Y","Secondary","Y"
"48009163001",1227954,"TX","Secondary","Y","Secondary","Y"
"48005075002",1183625,"TX","Secondary","Y","Secondary","Y"
"48000000162",3610515,"TX","Secondary","Y","Secondary","Y"
"48000000404",3611321,"TX","","","Secondary","Y"
"48000000405",3611432,"TX","Secondary","Y","Secondary","Y"
"48008150001",1184447,"TX","Secondary","Y","Secondary","Y"
"48007039006",1183824,"TX","Secondary","Y","Secondary","Y"
"48006035001",1183702,"TX","Secondary","Y","Secondary","Y"
"48000000416",3613029,"TX","","","Secondary","Y"
"48004086001",1183395,"TX","Secondary","Y","Secondary","Y"
"48009003001",1184467,"TX","Secondary","Y","Secondary","Y"
"48003112001",1227824,"TX","Secondary","Y","Secondary","Y"
"48003033009",2898762,"TX","Secondary","Y","",""
"48001296001",1183045,"TX","Secondary","Y","Secondary","Y"
"48006009007",1183681,"TX","Secondary","Y","Secondary","Y"
"48003033016",3514807,"TX","Secondary","Y","Secondary","Y"
"48000000412",3612700,"TX","","","Secondary","Y"
"48009508001",1184510,"TX","Secondary","Y","Secondary","Y"
"48000000410",3612351,"TX","Secondary","Y","Secondary","Y"
"48005076001",1227882,"TX","Secondary","Y","Secondary","Y"
"48001135001",1182939,"TX","Secondary","Y","Secondary","Y"
"48001257001",1183030,"TX","Secondary","Y","Secondary","Y"
"48003033005",1183199,"TX","Secondary","Y","Secondary","Y"
"48002065001",1183145,"TX","Secondary","N","Secondary","N"
"48007424001",1184069,"TX","Secondary","Y","Secondary","Y"
"48002068001",1183147,"TX","Secondary","Y","Secondary","Y"
"48003135001",3543157,"TX","Secondary","Y","Secondary","Y"
"48004224001",1183476,"TX","Secondary","Y","Secondary","Y"
"48004122011",3514356,"TX","","","Advanced","Y"
"48001233001",1183012,"TX","Secondary","Y","Secondary","Y"
"48007036001",1183817,"TX","Secondary","Y","Secondary","Y"
"48003140001",1183276,"TX","Secondary","Y","Secondary","Y"
"48004202001",1227850,"TX","Secondary","Y","Secondary","Y"
"48004046001",1183365,"TX","Secondary","Y","Secondary","Y"
"48002037001",1183128,"TX","Secondary","Y","Secondary","Y"
"48004287001",1183500,"TX","Secondary","Y","Advanced","Y"
"48001316001",1227779,"TX","Secondary","Y","Secondary","Y"
"48007499001",1184105,"TX","Secondary","Y","Secondary","Y"
"48006002001",1183673,"TX","Secondary","Y","Secondary","Y"
"48000001003",1182783,"TX","Secondary","Y","Secondary","Y"
"48007057002",1183878,"TX","Secondary","Y","Secondary","Y"
"48001203003",1227770,"TX","Secondary","Y","Secondary","Y"
"48006105001",1183734,"TX","Secondary","Y","Secondary","Y"
"48007505001",1227924,"TX","Secondary","Y","Secondary","Y"
"48001203011",419881,"TX","Secondary","Y","Secondary","Y"
"48005054001",1183607,"TX","Secondary","Y","Secondary","Y"
"48005058001",1183611,"TX","Secondary","Y","Secondary","Y"
"48009046001",1227952,"TX","Secondary","Y","Secondary","Y"
"48007519001",1184118,"TX","Secondary","Y","Secondary","Y"
"48007520001",1184119,"TX","Secondary","Y","Secondary","Y"
"48008057001",1184402,"TX","Secondary","Y","Secondary","Y"
"48007306001",1184060,"TX","Secondary","Y","Secondary","Y"
"48005157003",3513716,"TX","Secondary","Y","Secondary","Y"
"48005068001",1183617,"TX","Secondary","Y","Secondary","Y"
"48005065001",1183615,"TX","Secondary","Y","Secondary","Y"
"48003081001",1183231,"TX","Secondary","Y","Secondary","Y"
"48007118001",1183935,"TX","Secondary","Y","Secondary","Y"
"48007828001",1184290,"TX","Secondary","Y","Secondary","Y"
"48006165001",1183757,"TX","Secondary","Y","Secondary","Y"
"48002027001",1227784,"TX","Secondary","Y","Secondary","Y"
"48007613001",1184173,"TX","Secondary","Y","Secondary","Y"
"48007156001",1183965,"TX","Secondary","Y","Secondary","Y"
"48001688001",3149433,"TX","Secondary","Y","Secondary","Y"
"48004141001",1183451,"TX","Secondary","Y","Secondary","Y"
"48007540001",1184132,"TX","Secondary","Y","Secondary","Y"
"48007614001",1184174,"TX","Secondary","Y","Secondary","Y"
"48005039001",1227876,"TX","Secondary","Y","Secondary","Y"
"48008040001",1184387,"TX","Secondary","Y","Secondary","Y"
"48004330001",1183512,"TX","Secondary","Y","Secondary","Y"
"48005017002",1227870,"TX","Secondary","Y","Secondary","Y"
"48007085001",1183908,"TX","Secondary","Y","Secondary","Y"
"48007064008",1183890,"TX","Secondary","Y","Secondary","Y"
"48007029001",1183809,"TX","Secondary","Y","Secondary","Y"
"48003004001",1227801,"TX","Secondary","Y","Secondary","Y"
"48007110001",1227915,"TX","Secondary","Y","Secondary","Y"
"48004144001",1183453,"TX","Secondary","Y","Secondary","Y"
"48003116003",416210,"TX","Secondary","Y","Secondary","Y"
"48007017001",1183788,"TX","Secondary","Y","Secondary","Y"
"48007048001",1183866,"TX","Secondary","Y","Secondary","Y"
"48000003003",1182786,"TX","Secondary","N","Secondary","N"
"48001216001",1182995,"TX","Secondary","Y","Secondary","Y"
"48003116001",1183261,"TX","Secondary","Y","Secondary","Y"
"48000000423",3613866,"TX","Advanced","Y","Advanced","Y"
"48000001004",1182784,"TX","Secondary","Y","Secondary","Y"
"48000000409",3612343,"TX","Secondary","Y","Secondary","Y"
"48000105001",1182799,"TX","Secondary","Y","Secondary","Y"
"48007180001",1183984,"TX","Secondary","Y","Secondary","Y"
"48007410001",1184064,"TX","Secondary","Y","Secondary","Y"
"48000004006",3106848,"TX","Secondary","Y","Secondary","Y"
"48000000418",3613135,"TX","Secondary","Y","Secondary","Y"
"48001216002",1182996,"TX","Secondary","Y","Secondary","Y"
"48001102001",1182905,"TX","Secondary","Y","Secondary","Y"
"48003058001",1183216,"TX","Advanced","N","Advanced","N"
"48071123001",3148212,"TX","Secondary","Y","Secondary","Y"
"48003040004",405776,"TX","","","Advanced","Y"
"48006063001",1183720,"TX","Secondary","Y","Secondary","Y"
"48005108001",1183654,"TX","Secondary","Y","Secondary","Y"
"48004369001",1183538,"TX","Secondary","Y","Secondary","Y"
"48006024002",1183697,"TX","Secondary","Y","Secondary","Y"
"48000164001",1182845,"TX","Secondary","Y","Secondary","Y"
"48007217006",3515479,"TX","Secondary","Y","Secondary","Y"
"48001405001",1227781,"TX","Secondary","Y","Secondary","Y"
"48003289001",1183314,"TX","Secondary","Y","Secondary","Y"
"48000016001",1182798,"TX","Secondary","Y","Secondary","Y"
"48007856001",1184311,"TX","Secondary","Y","Secondary","Y"
"48006059001",1183716,"TX","Secondary","Y","Secondary","Y"
"48001256002",3536396,"TX","Secondary","Y","Secondary","Y"
"48005016001",1183578,"TX","Secondary","Y","Secondary","Y"
"48003138001",1183274,"TX","Secondary","Y","Secondary","Y"
"48000003001",1227737,"TX","Secondary","Y","Secondary","Y"
"48001137001",1182940,"TX","Secondary","Y","Secondary","Y"
"48008137001",1184444,"TX","Secondary","Y","Secondary","Y"
"48004006001",1227833,"TX","Secondary","Y","Secondary","Y"
"48007846001",1184300,"TX","Secondary","Y","Secondary","Y"
"48007212001",1184005,"TX","Secondary","Y","Secondary","Y"
"48001158001",1182956,"TX","Secondary","Y","Secondary","Y"
"48005272001",1183671,"TX","Secondary","Y","Secondary","Y"
"48006186001",1227908,"TX","Secondary","Y","Secondary","Y"
"48007176001",1183983,"TX","Secondary","Y","Secondary","Y"
"48004233001",1183480,"TX","Secondary","Y","Secondary","Y"
"48004354015",2808063,"TX","Secondary","Y","Secondary","Y"
"48007135001",1183949,"TX","Secondary","Y","Secondary","Y"
"48001241002",3269320,"TX","Secondary","Y","Secondary","Y"
"48000143001",1227744,"TX","Secondary","Y","Secondary","Y"
"48071219001",3149289,"TX","Secondary","Y","Secondary","Y"
"48002059001",1227793,"TX","Secondary","Y","Secondary","Y"
"48003033010",3539816,"TX","Secondary","Y","Secondary","Y"
"48003033014",3514808,"TX","Secondary","Y","Secondary","Y"
"48008045003",3049348,"TX","Secondary","Y","Secondary","Y"
"48005029001",1183588,"TX","Secondary","Y","Secondary","Y"
"48007723001",1184237,"TX","Secondary","Y","Secondary","Y"
"48000169001",1182850,"TX","Secondary","Y","Secondary","Y"
"48001047001",3148232,"TX","Secondary","Y","Secondary","Y"
"48007012002",1183782,"TX","Secondary","Y","Secondary","Y"
"48007039061",1183840,"TX","Secondary","Y","Secondary","Y"
"48007039074",1183844,"TX","Secondary","Y","Secondary","Y"
"48004354004",1227865,"TX","Secondary","Y","Secondary","Y"
"48004354012",2808161,"TX","Secondary","Y","Secondary","Y"
"48005023001",1183582,"TX","Secondary","Y","Secondary","Y"
"48007002002",3056748,"TX","Secondary","Y","Secondary","Y"
"48005073001",1183622,"TX","Secondary","Y","Secondary","Y"
"48001278001",1183040,"TX","Secondary","Y","Secondary","Y"
"48000001001",1182782,"TX","Secondary","Y","Secondary","Y"
"48002020004",414932,"TX","Secondary","Y","Secondary","Y"
"48001130002",1182934,"TX","Secondary","Y","Secondary","Y"
"48003111003",1183257,"TX","Secondary","Y","Secondary","Y"
"48005026001",1183586,"TX","Secondary","Y","Secondary","Y"
"48007142001",1183956,"TX","Secondary","Y","Secondary","Y"
"48003103001",2874705,"TX","Secondary","Y","Secondary","Y"
"48002009001",1183112,"TX","Secondary","Y","Secondary","Y"
"48000000419",3613244,"TX","","","Secondary","Y"
"48007501001",1184107,"TX","Secondary","Y","Secondary","Y"
"48001105001",1182910,"TX","Secondary","Y","Secondary","Y"
"48004101001",1183408,"TX","Secondary","Y","Secondary","Y"
"48007040002",1183859,"TX","Secondary","Y","Secondary","Y"
"48004374003",1183542,"TX","Secondary","Y","Secondary","Y"
"48001265001",1183034,"TX","Secondary","Y","Secondary","Y"
"48009023001",1184482,"TX","Secondary","Y","Secondary","Y"
"48003035005",3536257,"TX","Secondary","Y","Secondary","Y"
"48004354016",2808380,"TX","Secondary","Y","Secondary","Y"
"48007688001",1184215,"TX","Secondary","Y","Secondary","Y"
"48001143001",1182946,"TX","Secondary","Y","Secondary","Y"
"48001237001",1183016,"TX","Secondary","Y","Secondary","Y"
"48002018001",1183117,"TX","Secondary","Y","Secondary","Y"
"48002048001",1227789,"TX","Secondary","Y","Secondary","Y"
"48003304001",421486,"TX","Secondary","Y","Secondary","Y"
"48007762001",1184258,"TX","Secondary","Y","Secondary","Y"
"48001004001",1182873,"TX","Secondary","Y","Secondary","Y"
"48006007001",1183677,"TX","Secondary","Y","Secondary","Y"
"48007154001",1183963,"TX","Secondary","Y","Secondary","Y"
"48001116001",1227766,"TX","Secondary","Y","Secondary","Y"
"48002091001",1183157,"TX","Secondary","Y","Secondary","Y"
"48007188001",1183990,"TX","Secondary","Y","Secondary","Y"
"48008074001",1184415,"TX","Secondary","Y","Secondary","Y"
"48008034001",1184381,"TX","Secondary","Y","Secondary","Y"
"48008072001",1184413,"TX","Secondary","Y","Secondary","Y"
"48000148001",1182831,"TX","Secondary","Y","Secondary","Y"
"48006032001",1183701,"TX","Secondary","Y","Secondary","Y"
"48001109001",1182914,"TX","Secondary","Y","Secondary","Y"
"48003093001",1183242,"TX","Secondary","Y","Secondary","Y"
"48004122001",1183431,"TX","Advanced","Y","Advanced","Y"
"48004257001",1183489,"TX","Secondary","Y","Secondary","Y"
"48003043003",3514976,"TX","Secondary","Y","Secondary","Y"
"48008083001",1184422,"TX","Secondary","Y","Secondary","Y"
"48005079001",1183628,"TX","Secondary","Y","Secondary","Y"
"48006139001",1227905,"TX","Secondary","Y","Secondary","Y"
"48003231001",1183292,"TX","Secondary","Y","Secondary","Y"
"48006044001",1183707,"TX","Secondary","Y","Secondary","Y"
"48003267001",1183304,"TX","Secondary","Y","Secondary","Y"
"48008052001",1184398,"TX","Secondary","Y","Secondary","Y"
"48000149001",1182832,"TX","Secondary","Y","Secondary","Y"
"48004056001",1183373,"TX","Secondary","Y","Secondary","Y"
"48004102001",1183409,"TX","Secondary","Y","Secondary","Y"
"48071265001",3126030,"TX","Secondary","Y","Secondary","Y"
"48004232001",1183479,"TX","Secondary","Y","Secondary","Y"
"48007083001",1183906,"TX","Secondary","Y","Secondary","Y"
"48007039078",1183848,"TX","Secondary","Y","Secondary","Y"
"48007063002",1183887,"TX","Secondary","Y","Secondary","Y"
"48007725001",1184239,"TX","Secondary","Y","Secondary","Y"
"48007826001",2953762,"TX","Secondary","Y","Secondary","Y"
"48007847001",1184301,"TX","Secondary","Y","Secondary","Y"
"48007849001",1184304,"TX","Secondary","Y","Secondary","Y"
"48008015002",1184358,"TX","Secondary","Y","Secondary","Y"
"48008025001",1184369,"TX","Secondary","Y","Secondary","Y"
"48008028004",1184374,"TX","Secondary","Y","Secondary","Y"
"48008029002",3511976,"TX","Secondary","Y","Secondary","Y"
"48008041002",3505000,"TX","Secondary","Y","Secondary","Y"
"48008048001",1184395,"TX","Secondary","Y","Secondary","Y"
"48009001001",1227950,"TX","Secondary","Y","Secondary","Y"
"48009001002",1184465,"TX","Secondary","Y","Secondary","Y"
"48009008002",3539856,"TX","Secondary","Y","Secondary","Y"
"48009047001",407572,"TX","Secondary","Y","Secondary","Y"
"48071208001",3148208,"TX","Secondary","Y","Secondary","Y"
"48071262001",3153131,"TX","Secondary","Y","Secondary","Y"
"48097082001",2998012,"TX","Secondary","Y","Secondary","Y"
"48003041002",1183208,"TX","Secondary","Y","Secondary","Y"
"48001208001",1182988,"TX","Secondary","Y","Secondary","Y"
"48002057001",1227792,"TX","Secondary","Y","Secondary","Y"
"48006127001",3130210,"TX","Secondary","Y","Secondary","Y"
"48007776001",3149588,"TX","Secondary","Y","Secondary","Y"
"48005104001",1183651,"TX","Secondary","Y","Secondary","Y"
"48008047002",1184394,"TX","Secondary","Y","Secondary","Y"
"48006009006",1183680,"TX","Secondary","Y","Secondary","Y"
"48003041001",1183207,"TX","Secondary","Y","Secondary","Y"
"48008093001",1184427,"TX","Secondary","Y","Secondary","Y"
"48000017008",2884683,"TX","Secondary","Y","Secondary","Y"
"48000125001",1182813,"TX","Secondary","Y","Secondary","Y"
"48000164002",1182846,"TX","Secondary","Y","Secondary","Y"
"48001009010",2862800,"TX","Secondary","Y","Secondary","Y"
"48001021001",1182889,"TX","Secondary","N","Secondary","N"
"48001053001",1182903,"TX","Secondary","Y","Secondary","Y"
"48001117003",3148190,"TX","Secondary","Y","Secondary","Y"
"48001122001",1182923,"TX","Secondary","Y","Secondary","Y"
"48001123001",1182925,"TX","Secondary","Y","Secondary","Y"
"48001231001",1183010,"TX","Secondary","Y","Secondary","Y"
"48001247001",1183024,"TX","Secondary","Y","Secondary","Y"
"48007878001",1184326,"TX","Secondary","Y","Secondary","Y"
"48001293001",1183042,"TX","Secondary","Y","Secondary","Y"
"48001348001",3153772,"TX","Secondary","Y","Secondary","Y"
"48001635001",3149412,"TX","Secondary","Y","Secondary","Y"
"48001681001",418326,"TX","Secondary","Y","Secondary","Y"
"48001683001",2865625,"TX","Advanced","N","",""
"48005012001",1183575,"TX","Secondary","Y","Secondary","Y"
"48000000102",3608723,"TX","Advanced","Y","Advanced","Y"
"48002007001",1183110,"TX","Secondary","Y","Secondary","Y"
"48002071001",1183150,"TX","Secondary","Y","Secondary","Y"
"48003003001",1183168,"TX","Secondary","Y","Secondary","Y"
"48003065001",1227809,"TX","Secondary","Y","Secondary","Y"
"48003076001",1183227,"TX","Secondary","Y","Secondary","Y"
"48000156001",1182837,"TX","Secondary","Y","Secondary","Y"
"48003082001",1183233,"TX","Secondary","Y","Secondary","Y"
"48003094001",1183243,"TX","Secondary","Y","Secondary","Y"
"48003101001",1183249,"TX","Secondary","Y","Secondary","Y"
"48003136001",1183273,"TX","Secondary","Y","Secondary","Y"
"48003206001",1183288,"TX","Secondary","Y","Secondary","Y"
"48004003001",1183320,"TX","Secondary","Y","Secondary","Y"
"48004014001",1183330,"TX","Secondary","Y","Secondary","Y"
"48004064001",1227841,"TX","Secondary","Y","Secondary","Y"
"48004085001",2878621,"TX","Secondary","Y","Secondary","Y"
"48004206002",1183462,"TX","Secondary","Y","Secondary","Y"
"48005024001",1183583,"TX","Secondary","Y","Secondary","Y"
"48005031001",1183589,"TX","Secondary","Y","Secondary","Y"
"48005035001",1183592,"TX","Secondary","Y","Secondary","Y"
"48005055001",1183608,"TX","Secondary","Y","Secondary","Y"
"48005095001",1183645,"TX","Secondary","Y","Secondary","Y"
"48005116001",1183657,"TX","Secondary","Y","Secondary","Y"
"48005125001",1227891,"TX","Secondary","Y","Secondary","Y"
"48005258001",1227895,"TX","Secondary","Y","Secondary","Y"
"48006058001",1183715,"TX","Secondary","Y","Secondary","Y"
"48006064001",1183722,"TX","Secondary","Y","Secondary","Y"
"48006091001",1227903,"TX","Secondary","Y","Secondary","Y"
"48006178005",1183762,"TX","Secondary","Y","Secondary","Y"
"48007031005",1183812,"TX","Secondary","Y","Secondary","Y"
"48007043001",1183863,"TX","Secondary","Y","Secondary","Y"
"48007058001",1183879,"TX","Secondary","Y","Secondary","Y"
"48007094001",1183916,"TX","Secondary","Y","Secondary","Y"
"48007123001",1183938,"TX","Secondary","Y","Secondary","Y"
"48007126001",1183941,"TX","Secondary","Y","Secondary","Y"
"48007146001",1183959,"TX","Secondary","Y","Secondary","Y"
"48006017001",1183688,"TX","Secondary","Y","Secondary","Y"
"48007911001",1184340,"TX","Secondary","Y","Secondary","Y"
"48007012007",1065891,"TX","Advanced","Y","Advanced","Y"
"48007532001",1184127,"TX","Secondary","Y","Secondary","Y"
"48007139001",1183953,"TX","Secondary","Y","Secondary","Y"
"48001003002",1182872,"TX","Secondary","Y","Secondary","Y"
"48007039085",1183852,"TX","Secondary","Y","Secondary","Y"
"48003143001",1183278,"TX","Secondary","Y","Secondary","Y"
"48007162001",1183971,"TX","Secondary","Y","Secondary","Y"
"48007189001",1183991,"TX","Secondary","Y","Secondary","Y"
"48007218001",1184010,"TX","Secondary","Y","Secondary","Y"
"48007300004",1184052,"TX","Secondary","Y","Secondary","Y"
"48007402001",1184063,"TX","Secondary","Y","Secondary","Y"
"48007490001",1184100,"TX","Secondary","Y","Secondary","Y"
"48007615001",1184175,"TX","Secondary","Y","Secondary","Y"
"48004109001",1183416,"TX","Secondary","Y","Secondary","Y"
"48000238001",1182865,"TX","Secondary","Y","Secondary","Y"
"48071132001",3149415,"TX","Secondary","Y","Secondary","Y"
"48007027007",1183807,"TX","Secondary","Y","Secondary","Y"
"48007413001",1184066,"TX","Secondary","Y","Secondary","Y"
"48001643001",3149071,"TX","Secondary","Y","Secondary","Y"
"48003100002",1183248,"TX","Secondary","N","Advanced","Y"
"48005092002",1183643,"TX","Secondary","Y","Secondary","Y"
"48004354003",1183521,"TX","Secondary","Y","Secondary","Y"
"48001132001",1068306,"TX","Secondary","Y","Secondary","Y"
"48007930001",3148188,"TX","Secondary","Y","Secondary","Y"
"48001262001",1183033,"TX","Secondary","Y","Secondary","Y"
"48005091001",1183641,"TX","Secondary","Y","Secondary","Y"
"48002074004",3539877,"TX","Secondary","Y","Secondary","Y"
"48001286001",3149428,"TX","Secondary","Y","Secondary","Y"
"48007161001",1183970,"TX","Secondary","Y","Secondary","Y"
"48001146001",1182949,"TX","Secondary","Y","Secondary","Y"
"48009044001",1184490,"TX","Secondary","Y","Secondary","Y"
"48007049001",1183870,"TX","Secondary","Y","Secondary","Y"
"48003256001",1183300,"TX","Secondary","Y","Secondary","Y"
"48007048003",1183868,"TX","Secondary","Y","Secondary","Y"
"48000136001",1182822,"TX","Secondary","Y","Secondary","Y"
"48006167001",1183758,"TX","Secondary","Y","Secondary","Y"
"48001242001",1227775,"TX","Secondary","Y","Secondary","Y"
"48004256001",1183488,"TX","Secondary","Y","Secondary","Y"
"48001038001",3153697,"TX","Secondary","Y","Secondary","Y"
"48000116001",1182806,"TX","Secondary","Y","Secondary","Y"
"48003134001",3164008,"TX","Secondary","Y","Secondary","Y"
"48004354013",2808230,"TX","Secondary","Y","Secondary","Y"
"48007643001",1184191,"TX","Secondary","Y","Secondary","Y"
